{
  "split": "test",
  "checkpoint": "/home/martina/Y3_Project/visuotactile/outputs/tactile_seed456/best_model.pth",
  "checkpoint_epoch": 47,
  "num_samples": 68,
  "loss": 0.43913525296375155,
  "mass": 0.9705882352941176,
  "stiffness": 0.9705882352941176,
  "material": 0.9705882352941176,
  "summary": {
    "average_accuracy": 0.9705882352941176,
    "average_macro_f1": 0.9652505446623093,
    "average_weighted_f1": 0.970517291884074
  },
  "tasks": {
    "mass": {
      "accuracy": 0.9705882352941176,
      "macro": {
        "precision": 0.9666666666666667,
        "recall": 0.9722222222222222,
        "f1": 0.967436974789916
      },
      "weighted": {
        "precision": 0.9745098039215686,
        "recall": 0.9705882352941176,
        "f1": 0.9707736035590708
      },
      "per_class": {
        "very_low": {
          "precision": 1.0,
          "recall": 0.8888888888888888,
          "f1": 0.9411764705882353,
          "support": 18
        },
        "low": {
          "precision": 0.8666666666666667,
          "recall": 1.0,
          "f1": 0.9285714285714286,
          "support": 13
        },
        "medium": {
          "precision": 1.0,
          "recall": 1.0,
          "f1": 1.0,
          "support": 24
        },
        "high": {
          "precision": 1.0,
          "recall": 1.0,
          "f1": 1.0,
          "support": 13
        }
      },
      "classification_report": "              precision    recall  f1-score   support\n\n    very_low     1.0000    0.8889    0.9412        18\n         low     0.8667    1.0000    0.9286        13\n      medium     1.0000    1.0000    1.0000        24\n        high     1.0000    1.0000    1.0000        13\n\n    accuracy                         0.9706        68\n   macro avg     0.9667    0.9722    0.9674        68\nweighted avg     0.9745    0.9706    0.9708        68\n"
    },
    "stiffness": {
      "accuracy": 0.9705882352941176,
      "macro": {
        "precision": 0.9666666666666667,
        "recall": 0.95,
        "f1": 0.9543650793650793
      },
      "weighted": {
        "precision": 0.9745098039215686,
        "recall": 0.9705882352941176,
        "f1": 0.9700046685340804
      },
      "per_class": {
        "very_soft": {
          "precision": 1.0,
          "recall": 1.0,
          "f1": 1.0,
          "support": 8
        },
        "soft": {
          "precision": 1.0,
          "recall": 0.8,
          "f1": 0.8888888888888888,
          "support": 10
        },
        "medium": {
          "precision": 0.8666666666666667,
          "recall": 1.0,
          "f1": 0.9285714285714286,
          "support": 13
        },
        "rigid": {
          "precision": 1.0,
          "recall": 1.0,
          "f1": 1.0,
          "support": 37
        }
      },
      "classification_report": "              precision    recall  f1-score   support\n\n   very_soft     1.0000    1.0000    1.0000         8\n        soft     1.0000    0.8000    0.8889        10\n      medium     0.8667    1.0000    0.9286        13\n       rigid     1.0000    1.0000    1.0000        37\n\n    accuracy                         0.9706        68\n   macro avg     0.9667    0.9500    0.9544        68\nweighted avg     0.9745    0.9706    0.9700        68\n"
    },
    "material": {
      "accuracy": 0.9705882352941176,
      "macro": {
        "precision": 0.9733333333333334,
        "recall": 0.9777777777777779,
        "f1": 0.9739495798319329
      },
      "weighted": {
        "precision": 0.9745098039215686,
        "recall": 0.9705882352941176,
        "f1": 0.9707736035590706
      },
      "per_class": {
        "sponge": {
          "precision": 1.0,
          "recall": 1.0,
          "f1": 1.0,
          "support": 8
        },
        "foam": {
          "precision": 0.8666666666666667,
          "recall": 1.0,
          "f1": 0.9285714285714286,
          "support": 13
        },
        "wood": {
          "precision": 1.0,
          "recall": 1.0,
          "f1": 1.0,
          "support": 24
        },
        "hollow_container": {
          "precision": 1.0,
          "recall": 1.0,
          "f1": 1.0,
          "support": 5
        },
        "filled_container": {
          "precision": 1.0,
          "recall": 0.8888888888888888,
          "f1": 0.9411764705882353,
          "support": 18
        }
      },
      "classification_report": "                  precision    recall  f1-score   support\n\n          sponge     1.0000    1.0000    1.0000         8\n            foam     0.8667    1.0000    0.9286        13\n            wood     1.0000    1.0000    1.0000        24\nhollow_container     1.0000    1.0000    1.0000         5\nfilled_container     1.0000    0.8889    0.9412        18\n\n        accuracy                         0.9706        68\n       macro avg     0.9733    0.9778    0.9739        68\n    weighted avg     0.9745    0.9706    0.9708        68\n"
    }
  }
}