{
  "split": "test",
  "block_modality": "none",
  "checkpoint": "/home/martina/Y3_Project/visuotactile/newOutput_hollow2_only_earlystop/fusion_gating_online_v2_multiseed/fusion_gating_online_v2_seed42/best_model.pth",
  "checkpoint_epoch": 7,
  "num_samples": 71,
  "loss": 1.628142447538779,
  "mass": 1.0,
  "stiffness": 1.0,
  "material": 0.971830985915493,
  "avg_gate_score": 0.7459673377829539,
  "summary": {
    "average_accuracy": 0.9906103286384976,
    "average_macro_f1": 0.9913165266106443,
    "average_weighted_f1": 0.9906695072395154
  },
  "gate_scores": [
    0.9367721080780029,
    0.9314503073692322,
    0.9054393172264099,
    0.9314855933189392,
    0.939025342464447,
    0.9160596132278442,
    0.9262166619300842,
    0.9543918371200562,
    0.8165900111198425,
    0.8339470028877258,
    0.7873231768608093,
    0.7805870771408081,
    0.8422827124595642,
    0.6413927674293518,
    0.5988594889640808,
    0.5759310126304626,
    0.6914228796958923,
    0.6143280863761902,
    0.613913893699646,
    0.5928084850311279,
    0.5932773947715759,
    0.9371444582939148,
    0.8934739232063293,
    0.8794077634811401,
    0.8612004518508911,
    0.8422513008117676,
    0.7601068615913391,
    0.7431235909461975,
    0.7284600734710693,
    0.7705430388450623,
    0.8000238537788391,
    0.7535872459411621,
    0.8122837543487549,
    0.8089332580566406,
    0.7235851287841797,
    0.7080100774765015,
    0.6906470656394958,
    0.7160421013832092,
    0.645868718624115,
    0.6508265137672424,
    0.683051586151123,
    0.7162445783615112,
    0.7490113377571106,
    0.7010068297386169,
    0.7735120058059692,
    0.7174429893493652,
    0.7683319449424744,
    0.7655680775642395,
    0.6663016676902771,
    0.7332698702812195,
    0.638980507850647,
    0.629460334777832,
    0.5909585356712341,
    0.5910695791244507,
    0.6576478481292725,
    0.6166152954101562,
    0.6731818318367004,
    0.6200057864189148,
    0.7157717943191528,
    0.7485275268554688,
    0.7173609733581543,
    0.7529926300048828,
    0.7636927366256714,
    0.7287582159042358,
    0.7600092887878418,
    0.739751398563385,
    0.7003048062324524,
    0.7152470946311951,
    0.7226285338401794,
    0.7581072449684143,
    0.6998441815376282
  ],
  "tasks": {
    "mass": {
      "accuracy": 1.0,
      "macro": {
        "precision": 1.0,
        "recall": 1.0,
        "f1": 1.0
      },
      "weighted": {
        "precision": 1.0,
        "recall": 1.0,
        "f1": 1.0
      },
      "per_class": {
        "low": {
          "precision": 1.0,
          "recall": 1.0,
          "f1": 1.0,
          "support": 34
        },
        "medium": {
          "precision": 1.0,
          "recall": 1.0,
          "f1": 1.0,
          "support": 24
        },
        "high": {
          "precision": 1.0,
          "recall": 1.0,
          "f1": 1.0,
          "support": 13
        }
      },
      "classification_report": "              precision    recall  f1-score   support\n\n         low     1.0000    1.0000    1.0000        34\n      medium     1.0000    1.0000    1.0000        24\n        high     1.0000    1.0000    1.0000        13\n\n    accuracy                         1.0000        71\n   macro avg     1.0000    1.0000    1.0000        71\nweighted avg     1.0000    1.0000    1.0000        71\n"
    },
    "stiffness": {
      "accuracy": 1.0,
      "macro": {
        "precision": 1.0,
        "recall": 1.0,
        "f1": 1.0
      },
      "weighted": {
        "precision": 1.0,
        "recall": 1.0,
        "f1": 1.0
      },
      "per_class": {
        "very_soft": {
          "precision": 1.0,
          "recall": 1.0,
          "f1": 1.0,
          "support": 8
        },
        "soft": {
          "precision": 1.0,
          "recall": 1.0,
          "f1": 1.0,
          "support": 13
        },
        "medium": {
          "precision": 1.0,
          "recall": 1.0,
          "f1": 1.0,
          "support": 13
        },
        "rigid": {
          "precision": 1.0,
          "recall": 1.0,
          "f1": 1.0,
          "support": 37
        }
      },
      "classification_report": "              precision    recall  f1-score   support\n\n   very_soft     1.0000    1.0000    1.0000         8\n        soft     1.0000    1.0000    1.0000        13\n      medium     1.0000    1.0000    1.0000        13\n       rigid     1.0000    1.0000    1.0000        37\n\n    accuracy                         1.0000        71\n   macro avg     1.0000    1.0000    1.0000        71\nweighted avg     1.0000    1.0000    1.0000        71\n"
    },
    "material": {
      "accuracy": 0.971830985915493,
      "macro": {
        "precision": 0.9733333333333334,
        "recall": 0.9777777777777779,
        "f1": 0.9739495798319329
      },
      "weighted": {
        "precision": 0.9755868544600939,
        "recall": 0.971830985915493,
        "f1": 0.9720085217185465
      },
      "per_class": {
        "sponge": {
          "precision": 1.0,
          "recall": 1.0,
          "f1": 1.0,
          "support": 8
        },
        "foam": {
          "precision": 0.8666666666666667,
          "recall": 1.0,
          "f1": 0.9285714285714286,
          "support": 13
        },
        "wood": {
          "precision": 1.0,
          "recall": 1.0,
          "f1": 1.0,
          "support": 24
        },
        "hollow_container": {
          "precision": 1.0,
          "recall": 1.0,
          "f1": 1.0,
          "support": 8
        },
        "filled_container": {
          "precision": 1.0,
          "recall": 0.8888888888888888,
          "f1": 0.9411764705882353,
          "support": 18
        }
      },
      "classification_report": "                  precision    recall  f1-score   support\n\n          sponge     1.0000    1.0000    1.0000         8\n            foam     0.8667    1.0000    0.9286        13\n            wood     1.0000    1.0000    1.0000        24\nhollow_container     1.0000    1.0000    1.0000         8\nfilled_container     1.0000    0.8889    0.9412        18\n\n        accuracy                         0.9718        71\n       macro avg     0.9733    0.9778    0.9739        71\n    weighted avg     0.9756    0.9718    0.9720        71\n"
    }
  }
}