{
  "fusion_gating_online_v2": {
    "label": "Fusion Gating Online v2",
    "eval_test": {
      "used_seeds": [
        42,
        123,
        456,
        789,
        2024
      ],
      "mass": {
        "mean": 1.0,
        "std": 0.0,
        "values": [
          1.0,
          1.0,
          1.0,
          1.0,
          1.0
        ]
      },
      "stiffness": {
        "mean": 1.0,
        "std": 0.0,
        "values": [
          1.0,
          1.0,
          1.0,
          1.0,
          1.0
        ]
      },
      "material": {
        "mean": 0.9830985915492958,
        "std": 0.013799942212862955,
        "values": [
          0.971830985915493,
          1.0,
          1.0,
          0.971830985915493,
          0.971830985915493
        ]
      },
      "loss": {
        "mean": 1.5243458707567672,
        "std": 0.07409177549099571,
        "values": [
          1.628142447538779,
          1.4083232241617123,
          1.4825201605407285,
          1.5501918020382734,
          1.552551719504343
        ]
      },
      "avg": {
        "mean": 0.9943661971830986,
        "std": 0.004599980737621003,
        "values": [
          0.9906103286384976,
          1.0,
          1.0,
          0.9906103286384976,
          0.9906103286384976
        ]
      },
      "avg_gate_score": {
        "mean": 0.8182869964921979,
        "std": 0.05895620015925621,
        "values": [
          0.7459673377829539,
          0.7581566177623372,
          0.8583816105211285,
          0.8279884692648767,
          0.9009409471296929
        ]
      }
    },
    "eval_ood_test": {
      "used_seeds": [
        42,
        123,
        456,
        789,
        2024
      ],
      "mass": {
        "mean": 1.0,
        "std": 0.0,
        "values": [
          1.0,
          1.0,
          1.0,
          1.0,
          1.0
        ]
      },
      "stiffness": {
        "mean": 0.8466666666666667,
        "std": 0.0456070170039655,
        "values": [
          0.86,
          0.84,
          0.9266666666666666,
          0.8066666666666666,
          0.8
        ]
      },
      "material": {
        "mean": 0.8066666666666666,
        "std": 0.0298142396999972,
        "values": [
          0.8133333333333334,
          0.8266666666666667,
          0.84,
          0.7533333333333333,
          0.8
        ]
      },
      "loss": {
        "mean": 2.1977403087615968,
        "std": 0.17428768542065579,
        "values": [
          2.147346544265747,
          2.0673948033650715,
          1.9741519101460774,
          2.417501023610433,
          2.3823072624206545
        ]
      },
      "avg": {
        "mean": 0.8844444444444445,
        "std": 0.023559748054575197,
        "values": [
          0.8911111111111111,
          0.8888888888888888,
          0.9222222222222222,
          0.8533333333333334,
          0.8666666666666667
        ]
      },
      "avg_gate_score": {
        "mean": 0.8351079188982646,
        "std": 0.06451749050581923,
        "values": [
          0.7503086682160696,
          0.769881823460261,
          0.871763205130895,
          0.8635336033503215,
          0.9200522943337759
        ]
      }
    }
  }
}