{
  "split": "test",
  "checkpoint": "/home/martina/Y3_Project/visuotactile/outputs/vision_seed2024/best_model.pth",
  "checkpoint_epoch": 14,
  "num_samples": 68,
  "loss": 0.4029657437520869,
  "mass": 0.9411764705882353,
  "stiffness": 0.9411764705882353,
  "material": 1.0,
  "summary": {
    "average_accuracy": 0.9607843137254902,
    "average_macro_f1": 0.9575580365054049,
    "average_weighted_f1": 0.9611022505759349
  },
  "tasks": {
    "mass": {
      "accuracy": 0.9411764705882353,
      "macro": {
        "precision": 0.9397727272727273,
        "recall": 0.9284188034188035,
        "f1": 0.9320175438596492
      },
      "weighted": {
        "precision": 0.9429144385026736,
        "recall": 0.9411764705882353,
        "f1": 0.9402734778121776
      },
      "per_class": {
        "very_low": {
          "precision": 0.85,
          "recall": 0.9444444444444444,
          "f1": 0.8947368421052632,
          "support": 18
        },
        "low": {
          "precision": 1.0,
          "recall": 1.0,
          "f1": 1.0,
          "support": 13
        },
        "medium": {
          "precision": 1.0,
          "recall": 1.0,
          "f1": 1.0,
          "support": 24
        },
        "high": {
          "precision": 0.9090909090909091,
          "recall": 0.7692307692307693,
          "f1": 0.8333333333333334,
          "support": 13
        }
      },
      "classification_report": "              precision    recall  f1-score   support\n\n    very_low     0.8500    0.9444    0.8947        18\n         low     1.0000    1.0000    1.0000        13\n      medium     1.0000    1.0000    1.0000        24\n        high     0.9091    0.7692    0.8333        13\n\n    accuracy                         0.9412        68\n   macro avg     0.9398    0.9284    0.9320        68\nweighted avg     0.9429    0.9412    0.9403        68\n"
    },
    "stiffness": {
      "accuracy": 0.9411764705882353,
      "macro": {
        "precision": 0.9303571428571429,
        "recall": 0.9547297297297297,
        "f1": 0.9406565656565657
      },
      "weighted": {
        "precision": 0.9476890756302522,
        "recall": 0.9411764705882353,
        "f1": 0.9430332739156267
      },
      "per_class": {
        "very_soft": {
          "precision": 1.0,
          "recall": 1.0,
          "f1": 1.0,
          "support": 8
        },
        "soft": {
          "precision": 0.75,
          "recall": 0.9,
          "f1": 0.8181818181818182,
          "support": 10
        },
        "medium": {
          "precision": 1.0,
          "recall": 1.0,
          "f1": 1.0,
          "support": 13
        },
        "rigid": {
          "precision": 0.9714285714285714,
          "recall": 0.918918918918919,
          "f1": 0.9444444444444444,
          "support": 37
        }
      },
      "classification_report": "              precision    recall  f1-score   support\n\n   very_soft     1.0000    1.0000    1.0000         8\n        soft     0.7500    0.9000    0.8182        10\n      medium     1.0000    1.0000    1.0000        13\n       rigid     0.9714    0.9189    0.9444        37\n\n    accuracy                         0.9412        68\n   macro avg     0.9304    0.9547    0.9407        68\nweighted avg     0.9477    0.9412    0.9430        68\n"
    },
    "material": {
      "accuracy": 1.0,
      "macro": {
        "precision": 1.0,
        "recall": 1.0,
        "f1": 1.0
      },
      "weighted": {
        "precision": 1.0,
        "recall": 1.0,
        "f1": 1.0
      },
      "per_class": {
        "sponge": {
          "precision": 1.0,
          "recall": 1.0,
          "f1": 1.0,
          "support": 8
        },
        "foam": {
          "precision": 1.0,
          "recall": 1.0,
          "f1": 1.0,
          "support": 13
        },
        "wood": {
          "precision": 1.0,
          "recall": 1.0,
          "f1": 1.0,
          "support": 24
        },
        "hollow_container": {
          "precision": 1.0,
          "recall": 1.0,
          "f1": 1.0,
          "support": 5
        },
        "filled_container": {
          "precision": 1.0,
          "recall": 1.0,
          "f1": 1.0,
          "support": 18
        }
      },
      "classification_report": "                  precision    recall  f1-score   support\n\n          sponge     1.0000    1.0000    1.0000         8\n            foam     1.0000    1.0000    1.0000        13\n            wood     1.0000    1.0000    1.0000        24\nhollow_container     1.0000    1.0000    1.0000         5\nfilled_container     1.0000    1.0000    1.0000        18\n\n        accuracy                         1.0000        68\n       macro avg     1.0000    1.0000    1.0000        68\n    weighted avg     1.0000    1.0000    1.0000        68\n"
    }
  }
}