{
  "split": "ood_test",
  "eval_dir_name": "online_eval_ood_test_fine",
  "seeds": [
    "42",
    "123",
    "456",
    "789",
    "2024"
  ],
  "ratios": [
    0.1,
    0.15,
    0.2,
    0.25,
    0.3,
    0.35,
    0.4,
    0.45,
    0.5,
    0.55,
    0.6,
    0.65,
    0.7,
    0.75,
    0.8,
    0.85,
    0.9,
    0.95,
    1.0
  ],
  "accuracy_mean": [
    0.30166666666666664,
    0.30277777777777776,
    0.4377777777777777,
    0.5377777777777777,
    0.5655555555555556,
    0.5700000000000001,
    0.8433333333333334,
    0.9683333333333334,
    0.9783333333333333,
    0.9844444444444445,
    0.9844444444444445,
    0.9838888888888888,
    0.9811111111111112,
    0.9794444444444445,
    0.9783333333333333,
    0.9783333333333333,
    0.9766666666666668,
    0.9761111111111112,
    0.9761111111111112
  ],
  "accuracy_std": [
    0.03199151121975103,
    0.028760398012321737,
    0.05705206632195665,
    0.039775605154819454,
    0.05257563628587101,
    0.0667684408336605,
    0.06864203081976618,
    0.029376231258671764,
    0.028404051180364955,
    0.025615870851996715,
    0.025615870851996715,
    0.02672447437956816,
    0.029575181453791503,
    0.032895269651305487,
    0.03511005624294437,
    0.03511005624294437,
    0.03564225540521209,
    0.03675074535231384,
    0.03675074535231384
  ],
  "gate_mean": [
    0.6370392179489136,
    0.6352018896738688,
    0.6527123880386353,
    0.667386376063029,
    0.6674551073710124,
    0.6622252178192138,
    0.6575912125905357,
    0.62663733959198,
    0.5948230314254761,
    0.5841167132059732,
    0.5731403382619222,
    0.5724218575159709,
    0.5750670528411865,
    0.5776060581207275,
    0.5801842737197876,
    0.5826105785369874,
    0.5846841287612915,
    0.5867766650517783,
    0.5892529265085856
  ],
  "gate_std": [
    0.07366178663929258,
    0.07171464318463638,
    0.07215116642224731,
    0.06985834125802655,
    0.0674894962516526,
    0.06699632274990432,
    0.07217704611709745,
    0.07478746177193521,
    0.0743846197400511,
    0.07502428331737421,
    0.07356089187277803,
    0.07299251818950682,
    0.07287749325729331,
    0.07308263166550327,
    0.07327311053362293,
    0.07302573235017322,
    0.07242793863990986,
    0.07181653833907901,
    0.07168857562718225
  ]
}