{
  "fusion_gating_online_v2": {
    "label": "Fusion Gating Online v2",
    "eval_test": {
      "used_seeds": [
        42,
        123,
        456,
        789,
        2024
      ],
      "mass": {
        "mean": 1.0,
        "std": 0.0,
        "values": [
          1.0,
          1.0,
          1.0,
          1.0,
          1.0
        ]
      },
      "stiffness": {
        "mean": 1.0,
        "std": 0.0,
        "values": [
          1.0,
          1.0,
          1.0,
          1.0,
          1.0
        ]
      },
      "material": {
        "mean": 0.9764705882352942,
        "std": 0.014997116216449361,
        "values": [
          0.9558823529411765,
          1.0,
          0.9852941176470589,
          0.9705882352941176,
          0.9705882352941176
        ]
      },
      "loss": {
        "mean": 1.6112532629686243,
        "std": 0.24960848201708852,
        "values": [
          1.8598470828112434,
          1.2014474027297075,
          1.445469905348385,
          1.7951852994806625,
          1.754316624473123
        ]
      },
      "avg": {
        "mean": 0.9921568627450981,
        "std": 0.0049990387388164385,
        "values": [
          0.9852941176470589,
          1.0,
          0.9950980392156863,
          0.9901960784313726,
          0.9901960784313726
        ]
      },
      "avg_gate_score": {
        "mean": 0.8807598948478699,
        "std": 0.054297819050353566,
        "values": [
          0.8821971942396725,
          0.7807765664423213,
          0.9080353063695571,
          0.9434029381064808,
          0.8893874690813177
        ]
      }
    },
    "eval_ood_test": {
      "used_seeds": [
        42,
        123,
        456,
        789,
        2024
      ],
      "mass": {
        "mean": 0.9733333333333334,
        "std": 0.05333333333333332,
        "values": [
          1.0,
          1.0,
          1.0,
          0.8666666666666667,
          1.0
        ]
      },
      "stiffness": {
        "mean": 0.9640000000000001,
        "std": 0.07200000000000002,
        "values": [
          1.0,
          1.0,
          1.0,
          0.82,
          1.0
        ]
      },
      "material": {
        "mean": 0.76,
        "std": 0.05734883511361753,
        "values": [
          0.7866666666666666,
          0.7933333333333333,
          0.8,
          0.6466666666666666,
          0.7733333333333333
        ]
      },
      "loss": {
        "mean": 2.1715465955734254,
        "std": 0.38895452849968043,
        "values": [
          2.1609111150105793,
          1.7403955777486166,
          1.9678757747014364,
          2.8946715799967446,
          2.0938789304097494
        ]
      },
      "avg": {
        "mean": 0.899111111111111,
        "std": 0.06073784997637873,
        "values": [
          0.9288888888888889,
          0.9311111111111111,
          0.9333333333333332,
          0.7777777777777777,
          0.9244444444444445
        ]
      },
      "avg_gate_score": {
        "mean": 0.9051873807112376,
        "std": 0.040621882303218726,
        "values": [
          0.8991198841730753,
          0.8331725418567657,
          0.9272855699062348,
          0.9552281816800435,
          0.9111307259400686
        ]
      }
    }
  }
}