{
  "test": {
    "full": {
      "num_total_runs": 1,
      "num_models": 1,
      "all_runs": {
        "num_records": 1,
        "loss": {
          "mean": 0.050706440035034626,
          "std": 0.0,
          "values": [
            0.050706440035034626
          ]
        },
        "mass": {
          "mean": 1.0,
          "std": 0.0,
          "values": [
            1.0
          ]
        },
        "stiffness": {
          "mean": 1.0,
          "std": 0.0,
          "values": [
            1.0
          ]
        },
        "material": {
          "mean": 1.0,
          "std": 0.0,
          "values": [
            1.0
          ]
        },
        "avg_acc": {
          "mean": 1.0,
          "std": 0.0,
          "values": [
            1.0
          ]
        }
      },
      "seed_means": {
        "num_records": 1,
        "loss": {
          "mean": 0.050706440035034626,
          "std": 0.0,
          "values": [
            0.050706440035034626
          ]
        },
        "mass": {
          "mean": 1.0,
          "std": 0.0,
          "values": [
            1.0
          ]
        },
        "stiffness": {
          "mean": 1.0,
          "std": 0.0,
          "values": [
            1.0
          ]
        },
        "material": {
          "mean": 1.0,
          "std": 0.0,
          "values": [
            1.0
          ]
        },
        "avg_acc": {
          "mean": 1.0,
          "std": 0.0,
          "values": [
            1.0
          ]
        }
      }
    },
    "tactile_only": {
      "num_total_runs": 1,
      "num_models": 1,
      "all_runs": {
        "num_records": 1,
        "loss": {
          "mean": 2.37538502146216,
          "std": 0.0,
          "values": [
            2.37538502146216
          ]
        },
        "mass": {
          "mean": 0.8529411764705882,
          "std": 0.0,
          "values": [
            0.8529411764705882
          ]
        },
        "stiffness": {
          "mean": 0.8529411764705882,
          "std": 0.0,
          "values": [
            0.8529411764705882
          ]
        },
        "material": {
          "mean": 0.8529411764705882,
          "std": 0.0,
          "values": [
            0.8529411764705882
          ]
        },
        "avg_acc": {
          "mean": 0.8529411764705882,
          "std": 0.0,
          "values": [
            0.8529411764705882
          ]
        }
      },
      "seed_means": {
        "num_records": 1,
        "loss": {
          "mean": 2.37538502146216,
          "std": 0.0,
          "values": [
            2.37538502146216
          ]
        },
        "mass": {
          "mean": 0.8529411764705882,
          "std": 0.0,
          "values": [
            0.8529411764705882
          ]
        },
        "stiffness": {
          "mean": 0.8529411764705882,
          "std": 0.0,
          "values": [
            0.8529411764705882
          ]
        },
        "material": {
          "mean": 0.8529411764705882,
          "std": 0.0,
          "values": [
            0.8529411764705882
          ]
        },
        "avg_acc": {
          "mean": 0.8529411764705882,
          "std": 0.0,
          "values": [
            0.8529411764705882
          ]
        }
      }
    },
    "vision_only": {
      "num_total_runs": 1,
      "num_models": 1,
      "all_runs": {
        "num_records": 1,
        "loss": {
          "mean": 3.5176526448305916,
          "std": 0.0,
          "values": [
            3.5176526448305916
          ]
        },
        "mass": {
          "mean": 0.5588235294117647,
          "std": 0.0,
          "values": [
            0.5588235294117647
          ]
        },
        "stiffness": {
          "mean": 0.6470588235294118,
          "std": 0.0,
          "values": [
            0.6470588235294118
          ]
        },
        "material": {
          "mean": 0.6176470588235294,
          "std": 0.0,
          "values": [
            0.6176470588235294
          ]
        },
        "avg_acc": {
          "mean": 0.607843137254902,
          "std": 0.0,
          "values": [
            0.607843137254902
          ]
        }
      },
      "seed_means": {
        "num_records": 1,
        "loss": {
          "mean": 3.5176526448305916,
          "std": 0.0,
          "values": [
            3.5176526448305916
          ]
        },
        "mass": {
          "mean": 0.5588235294117647,
          "std": 0.0,
          "values": [
            0.5588235294117647
          ]
        },
        "stiffness": {
          "mean": 0.6470588235294118,
          "std": 0.0,
          "values": [
            0.6470588235294118
          ]
        },
        "material": {
          "mean": 0.6176470588235294,
          "std": 0.0,
          "values": [
            0.6176470588235294
          ]
        },
        "avg_acc": {
          "mean": 0.607843137254902,
          "std": 0.0,
          "values": [
            0.607843137254902
          ]
        }
      }
    }
  }
}