{
  "train_loss": [
    4.204533672332763,
    3.8807119607925413,
    3.4638043642044067,
    2.8771325588226317,
    2.3083815813064574,
    1.9014468431472777,
    1.4435409903526306,
    1.1244138598442077,
    0.8592808365821838,
    0.762527784705162,
    0.7079707264900208,
    0.5654549211263656,
    0.6004618823528289,
    0.4461503654718399,
    0.48307227790355683,
    0.4632305085659027,
    0.4637377023696899,
    0.3867741823196411,
    0.42651361376047137,
    0.3863752022385597,
    0.48834599256515504,
    0.46430713683366776,
    0.3648553162813187,
    0.2755215153098106,
    0.3251630634069443,
    0.34072619676589966,
    0.3311585411429405,
    0.32243930697441103,
    0.4172986350953579,
    0.33353176414966584,
    0.3211957037448883,
    0.4205185502767563,
    0.32296612709760664,
    0.3541131168603897,
    0.34972875863313674,
    0.30614776387810705,
    0.24818287938833236,
    0.24725643172860146,
    0.36082116365432737,
    0.23595289811491965,
    0.33634387254714965,
    0.21869826838374137,
    0.27733163833618163,
    0.29214332103729246,
    0.2933269888162613,
    0.2985108345746994,
    0.29783916771411895,
    0.2239141084253788,
    0.31415230184793475,
    0.32105723321437835,
    0.23172645047307014,
    0.2339061126112938,
    0.2635169230401516,
    0.28955517411231996,
    0.24870577156543733,
    0.3184662491083145,
    0.3205153614282608,
    0.30889700800180436,
    0.31848372966051103,
    0.2389637440443039,
    0.25870617777109145,
    0.25593888238072393,
    0.2563213750720024,
    0.28030965477228165,
    0.26697844713926316,
    0.22828393131494523,
    0.16656167060136795,
    0.2663255363702774,
    0.2390969142317772,
    0.24405280575156213,
    0.2900789797306061,
    0.2506795100867748,
    0.21119671761989595,
    0.2879565551877022,
    0.22796639576554298,
    0.2116854026913643,
    0.29257873743772506,
    0.1797841458581388,
    0.19057039134204387,
    0.24185078572481872,
    0.20493522323668004,
    0.2347494840621948,
    0.2163456417620182,
    0.21889012567698957,
    0.13807234764099122,
    0.2919179670512676,
    0.18623759746551513,
    0.2390047587454319,
    0.1980624809861183,
    0.2919382745400071,
    0.2345527769997716,
    0.2602245077490807,
    0.2280095100402832,
    0.2521052539348602,
    0.2390856496989727,
    0.15293617770075799,
    0.316700904071331,
    0.21419860906898974,
    0.19243796020746232,
    0.15976693239063025
  ],
  "val_loss": [
    4.255509249369303,
    4.115555699666341,
    3.1077552318572996,
    2.332990129788717,
    1.9641273180643717,
    2.2225021262963613,
    2.201183627049128,
    3.365430043141047,
    2.2402535994847614,
    2.5963450113932294,
    1.9251554250717162,
    3.080829900999864,
    3.3235583464304606,
    2.489966676632563,
    3.698101426164309,
    4.007973957558473,
    3.4411902191738286,
    4.082097579042117,
    3.8979890373845896,
    4.0806231394410135,
    3.51012371579806,
    3.7306206891934077,
    4.985955047607422,
    4.574279234558344,
    4.840889060248931,
    3.0077747414509455,
    4.820557203888893,
    4.2920897527287405,
    4.5564766742289065,
    5.5108109101653096,
    4.762002015734712,
    4.346046915277839,
    5.153296725700299,
    4.0628022412459055,
    5.047509035840631,
    5.61914031766355,
    5.152251207952698,
    5.73878091784815,
    4.557572640726963,
    4.80837460172673,
    4.913924510094026,
    5.66254383350412,
    5.507968186214566,
    6.18360865774254,
    5.268077323337396,
    5.448943078766266,
    5.2288319506992895,
    6.230874491855502,
    6.861488742070893,
    5.959924771140019,
    5.958518609466652,
    6.78119138404727,
    6.377347895254691,
    6.166994071255128,
    6.60586089634647,
    6.720714308600873,
    6.114252249151468,
    6.306885617226362,
    6.984721195387343,
    6.956074466307958,
    6.609189598572751,
    6.297815334176024,
    6.446769178162018,
    7.9850349824875595,
    6.736464703455567,
    5.962634532774488,
    7.134530161631604,
    7.35583151144286,
    6.846812313174208,
    6.666500646310548,
    6.411349084724983,
    6.9895636486510435,
    7.37205478977412,
    7.026574344560504,
    7.455627377765874,
    7.516162605645756,
    7.02711124693354,
    7.143351323778431,
    7.152049577919145,
    7.032836274492244,
    7.186466433977087,
    7.05088390323023,
    7.017527572065592,
    7.079250693321228,
    7.251912054792046,
    7.193869252627095,
    7.147654588023822,
    7.100747977445523,
    7.15054224251459,
    6.944457623114189,
    7.051428062965472,
    6.995950423429409,
    7.038243684420983,
    6.92115991016229,
    6.954194832096497,
    7.120156363646189,
    7.036781584843993,
    7.0887873424217105,
    7.017796499903003,
    7.178122083842754
  ],
  "train_acc_mass": [
    0.2375,
    0.3984375,
    0.6015625,
    0.6484375,
    0.7125,
    0.8203125,
    0.8546875,
    0.90625,
    0.9453125,
    0.9328125,
    0.921875,
    0.9328125,
    0.9296875,
    0.953125,
    0.934375,
    0.94375,
    0.9375,
    0.959375,
    0.94375,
    0.9546875,
    0.9265625,
    0.9375,
    0.953125,
    0.9625,
    0.9515625,
    0.9515625,
    0.959375,
    0.9515625,
    0.940625,
    0.95,
    0.959375,
    0.9484375,
    0.9546875,
    0.9484375,
    0.9421875,
    0.959375,
    0.9625,
    0.9640625,
    0.94375,
    0.965625,
    0.946875,
    0.965625,
    0.9609375,
    0.946875,
    0.946875,
    0.9546875,
    0.95,
    0.9703125,
    0.953125,
    0.9515625,
    0.96875,
    0.9625,
    0.9625,
    0.9546875,
    0.9625,
    0.95,
    0.953125,
    0.9546875,
    0.9640625,
    0.96875,
    0.9703125,
    0.95625,
    0.96875,
    0.959375,
    0.9640625,
    0.9640625,
    0.9734375,
    0.959375,
    0.9734375,
    0.9609375,
    0.9484375,
    0.9703125,
    0.9703125,
    0.9625,
    0.9671875,
    0.9703125,
    0.95,
    0.9703125,
    0.9796875,
    0.9640625,
    0.96875,
    0.9671875,
    0.975,
    0.9703125,
    0.9796875,
    0.95,
    0.96875,
    0.9671875,
    0.9703125,
    0.965625,
    0.9703125,
    0.9625,
    0.9671875,
    0.95625,
    0.9609375,
    0.9796875,
    0.9484375,
    0.96875,
    0.975,
    0.975
  ],