{
  "split": "ood_test",
  "block_modality": "none",
  "checkpoint": "/home/martina/Y3_Project/visuotactile/newOutput_hollow2_only_earlystop/fusion_gating_online_v2_multiseed/fusion_gating_online_v2_seed789/best_model.pth",
  "checkpoint_epoch": 7,
  "num_samples": 150,
  "loss": 2.417501023610433,
  "mass": 1.0,
  "stiffness": 0.8066666666666666,
  "material": 0.7533333333333333,
  "avg_gate_score": 0.8635336033503215,
  "summary": {
    "average_accuracy": 0.8533333333333334,
    "average_macro_f1": 0.824622937020478,
    "average_weighted_f1": 0.8396570407431062
  },
  "gate_scores": [
    0.8502627611160278,
    0.7859426736831665,
    0.8039405345916748,
    0.811410665512085,
    0.8304523825645447,
    0.757948637008667,
    0.7962643504142761,
    0.8173167109489441,
    0.830263078212738,
    0.8011162877082825,
    0.7936812043190002,
    0.7774466872215271,
    0.7844833731651306,
    0.7826093435287476,
    0.7260765433311462,
    0.7881602048873901,
    0.8250108361244202,
    0.7940278649330139,
    0.8173850178718567,
    0.7858768105506897,
    0.7797242999076843,
    0.796001136302948,
    0.7377732396125793,
    0.7728848457336426,
    0.825954258441925,
    0.8231017589569092,
    0.8101254105567932,
    0.754079282283783,
    0.8113959431648254,
    0.7372413873672485,
    0.9056439995765686,
    0.8950604796409607,
    0.897754967212677,
    0.9091817140579224,
    0.9189062714576721,
    0.8982132077217102,
    0.9100606441497803,
    0.9153420329093933,
    0.9220693707466125,
    0.9071611166000366,
    0.929387629032135,
    0.9033744931221008,
    0.9084305167198181,
    0.8917999267578125,
    0.9024175405502319,
    0.9210430979728699,
    0.8925088047981262,
    0.9074222445487976,
    0.919340193271637,
    0.9048151969909668,
    0.9083510041236877,
    0.9149209260940552,
    0.9008142948150635,
    0.915590763092041,
    0.9067213535308838,
    0.9245753884315491,
    0.9075754284858704,
    0.9106754064559937,
    0.9089820384979248,
    0.9069806933403015,
    0.8892435431480408,
    0.8706023693084717,
    0.8952054977416992,
    0.8828555345535278,
    0.8973026871681213,
    0.8790501952171326,
    0.8860592246055603,
    0.8982231020927429,
    0.8961454629898071,
    0.907781183719635,
    0.8995749354362488,
    0.903815507888794,
    0.90671706199646,
    0.8944467306137085,
    0.8864125609397888,
    0.8803388476371765,
    0.8897084593772888,
    0.9065938591957092,
    0.8979056477546692,
    0.8805279731750488,
    0.9005723595619202,
    0.9131181240081787,
    0.9110834002494812,
    0.901573896408081,
    0.8975916504859924,
    0.8877712488174438,
    0.8897396922111511,
    0.8723145723342896,
    0.8719501495361328,
    0.889061689376831,
    0.8561292886734009,
    0.8561925292015076,
    0.8681753277778625,
    0.8700821399688721,
    0.8653150200843811,
    0.8728482127189636,
    0.8587809801101685,
    0.8762736320495605,
    0.8507721424102783,
    0.8921224474906921,
    0.8625879287719727,
    0.87787264585495,
    0.8543488383293152,
    0.8822097778320312,
    0.8729474544525146,
    0.8642993569374084,
    0.854065477848053,
    0.8565289378166199,
    0.8551390767097473,
    0.8439683318138123,
    0.8814665675163269,
    0.8821077942848206,
    0.8844504952430725,
    0.8705689907073975,
    0.8580324053764343,
    0.87839275598526,
    0.8654382228851318,
    0.8642380237579346,
    0.8758577108383179,
    0.877924382686615,
    0.8437588214874268,
    0.8473259210586548,
    0.8781383633613586,
    0.8687445521354675,
    0.8475397825241089,
    0.846981942653656,
    0.8509931564331055,
    0.8684385418891907,
    0.8399743437767029,
    0.8582995533943176,
    0.8591644763946533,
    0.8543115258216858,
    0.851521909236908,
    0.8514255285263062,
    0.8721014857292175,
    0.8585238456726074,
    0.8551540374755859,
    0.86823570728302,
    0.8389845490455627,
    0.8617772459983826,
    0.8741346001625061,
    0.8365180492401123,
    0.8334594964981079,
    0.8625940680503845,
    0.8590517640113831,
    0.850303053855896,
    0.8492618799209595,
    0.8461599349975586,
    0.8607536554336548,
    0.8509063720703125
  ],
  "tasks": {
    "mass": {
      "accuracy": 1.0,
      "macro": {
        "precision": 1.0,
        "recall": 1.0,
        "f1": 1.0
      },
      "weighted": {
        "precision": 1.0,
        "recall": 1.0,
        "f1": 1.0
      },
      "per_class": {
        "low": {
          "precision": 1.0,
          "recall": 1.0,
          "f1": 1.0,
          "support": 90
        },
        "medium": {
          "precision": 1.0,
          "recall": 1.0,
          "f1": 1.0,
          "support": 30
        },
        "high": {
          "precision": 1.0,
          "recall": 1.0,
          "f1": 1.0,
          "support": 30
        }
      },
      "classification_report": "              precision    recall  f1-score   support\n\n         low     1.0000    1.0000    1.0000        90\n      medium     1.0000    1.0000    1.0000        30\n        high     1.0000    1.0000    1.0000        30\n\n    accuracy                         1.0000       150\n   macro avg     1.0000    1.0000    1.0000       150\nweighted avg     1.0000    1.0000    1.0000       150\n"
    },
    "stiffness": {
      "accuracy": 0.8066666666666666,
      "macro": {
        "precision": 0.7607233626588465,
        "recall": 0.7583333333333333,
        "f1": 0.7580950015376244
      },
      "weighted": {
        "precision": 0.8021270772238513,
        "recall": 0.8066666666666666,
        "f1": 0.8031973127055094
      },
      "per_class": {
        "very_soft": {
          "precision": 1.0,
          "recall": 1.0,
          "f1": 1.0,
          "support": 30
        },
        "soft": {
          "precision": 0.56,
          "recall": 0.4666666666666667,
          "f1": 0.509090909090909,
          "support": 30
        },
        "medium": {
          "precision": 0.5151515151515151,
          "recall": 0.5666666666666667,
          "f1": 0.5396825396825397,
          "support": 30
        },
        "rigid": {
          "precision": 0.967741935483871,
          "recall": 1.0,
          "f1": 0.9836065573770492,
          "support": 60
        }
      },
      "classification_report": "              precision    recall  f1-score   support\n\n   very_soft     1.0000    1.0000    1.0000        30\n        soft     0.5600    0.4667    0.5091        30\n      medium     0.5152    0.5667    0.5397        30\n       rigid     0.9677    1.0000    0.9836        60\n\n    accuracy                         0.8067       150\n   macro avg     0.7607    0.7583    0.7581       150\nweighted avg     0.8021    0.8067    0.8032       150\n"
    },
    "material": {
      "accuracy": 0.7533333333333333,
      "macro": {
        "precision": 0.8,
        "recall": 0.7533333333333333,
        "f1": 0.7157738095238095
      },
      "weighted": {
        "precision": 0.8,
        "recall": 0.7533333333333333,
        "f1": 0.7157738095238094
      },
      "per_class": {
        "sponge": {
          "precision": 1.0,
          "recall": 1.0,
          "f1": 1.0,
          "support": 30
        },
        "foam": {
          "precision": 0.5,
          "recall": 0.5666666666666667,
          "f1": 0.53125,
          "support": 30
        },
        "wood": {
          "precision": 0.75,
          "recall": 1.0,
          "f1": 0.8571428571428571,
          "support": 30
        },
        "hollow_container": {
          "precision": 1.0,
          "recall": 0.2,
          "f1": 0.3333333333333333,
          "support": 30
        },
        "filled_container": {
          "precision": 0.75,
          "recall": 1.0,
          "f1": 0.8571428571428571,
          "support": 30
        }
      },