{
  "split": "test",
  "block_modality": "none",
  "checkpoint": "/home/martina/Y3_Project/visuotactile/newOutput/fusion_gating_online_v2_multiseed/fusion_gating_online_v2_seed789/best_model.pth",
  "checkpoint_epoch": 5,
  "num_samples": 68,
  "loss": 1.7951852994806625,
  "mass": 1.0,
  "stiffness": 1.0,
  "material": 0.9705882352941176,
  "avg_gate_score": 0.9434029381064808,
  "summary": {
    "average_accuracy": 0.9901960784313726,
    "average_macro_f1": 0.9902597402597403,
    "average_weighted_f1": 0.9903234020881079
  },
  "gate_scores": [
    0.9319479465484619,
    0.9009044766426086,
    0.9262260794639587,
    0.9180060625076294,
    0.9298327565193176,
    0.947363555431366,
    0.9510870575904846,
    0.9517567753791809,
    0.9497347474098206,
    0.95328289270401,
    0.9769816994667053,
    0.9662817716598511,
    0.9670420289039612,
    0.9697400331497192,
    0.9725717306137085,
    0.9644706845283508,
    0.9709105491638184,
    0.9720271825790405,
    0.9415170550346375,
    0.9185064435005188,
    0.9341533184051514,
    0.9406434893608093,
    0.9199174642562866,
    0.9386613368988037,
    0.9362883567810059,
    0.9324190616607666,
    0.9321216940879822,
    0.9344028234481812,
    0.9383859038352966,
    0.9365566968917847,
    0.9338672161102295,
    0.9517573118209839,
    0.9447527527809143,
    0.9451241493225098,
    0.9475727677345276,
    0.954674482345581,
    0.9390135407447815,
    0.9466482400894165,
    0.9568003416061401,
    0.9469245076179504,
    0.9437676668167114,
    0.959916353225708,
    0.9488057494163513,
    0.9519290328025818,
    0.9436163902282715,
    0.9512422680854797,
    0.9520854949951172,
    0.9556950926780701,
    0.9516809582710266,
    0.9649662375450134,
    0.9487062692642212,
    0.956167995929718,
    0.9450898170471191,
    0.9510855674743652,
    0.9616041779518127,
    0.9347978830337524,
    0.9326434135437012,
    0.9325727224349976,
    0.9206100702285767,
    0.9128594994544983,
    0.919223427772522,
    0.9351640939712524,
    0.9347838163375854,
    0.9429053068161011,
    0.9340063333511353,
    0.9276095628738403,
    0.9291954040527344,
    0.9177922010421753
  ],
  "tasks": {
    "mass": {
      "accuracy": 1.0,
      "macro": {
        "precision": 1.0,
        "recall": 1.0,
        "f1": 1.0
      },
      "weighted": {
        "precision": 1.0,
        "recall": 1.0,
        "f1": 1.0
      },
      "per_class": {
        "low": {
          "precision": 1.0,
          "recall": 1.0,
          "f1": 1.0,
          "support": 31
        },
        "medium": {
          "precision": 1.0,
          "recall": 1.0,
          "f1": 1.0,
          "support": 24
        },
        "high": {
          "precision": 1.0,
          "recall": 1.0,
          "f1": 1.0,
          "support": 13
        }
      },
      "classification_report": "              precision    recall  f1-score   support\n\n         low     1.0000    1.0000    1.0000        31\n      medium     1.0000    1.0000    1.0000        24\n        high     1.0000    1.0000    1.0000        13\n\n    accuracy                         1.0000        68\n   macro avg     1.0000    1.0000    1.0000        68\nweighted avg     1.0000    1.0000    1.0000        68\n"
    },
    "stiffness": {
      "accuracy": 1.0,
      "macro": {
        "precision": 1.0,
        "recall": 1.0,
        "f1": 1.0
      },
      "weighted": {
        "precision": 1.0,
        "recall": 1.0,
        "f1": 1.0
      },
      "per_class": {
        "soft": {
          "precision": 1.0,
          "recall": 1.0,
          "f1": 1.0,
          "support": 8
        },
        "medium": {
          "precision": 1.0,
          "recall": 1.0,
          "f1": 1.0,
          "support": 36
        },
        "rigid": {
          "precision": 1.0,
          "recall": 1.0,
          "f1": 1.0,
          "support": 24
        }
      },
      "classification_report": "              precision    recall  f1-score   support\n\n        soft     1.0000    1.0000    1.0000         8\n      medium     1.0000    1.0000    1.0000        36\n       rigid     1.0000    1.0000    1.0000        24\n\n    accuracy                         1.0000        68\n   macro avg     1.0000    1.0000    1.0000        68\nweighted avg     1.0000    1.0000    1.0000        68\n"
    },
    "material": {
      "accuracy": 0.9705882352941176,
      "macro": {
        "precision": 0.9666666666666667,
        "recall": 0.9782608695652174,
        "f1": 0.9707792207792209
      },
      "weighted": {
        "precision": 0.9745098039215686,
        "recall": 0.9705882352941176,
        "f1": 0.9709702062643238
      },
      "per_class": {
        "sponge": {
          "precision": 1.0,
          "recall": 1.0,
          "f1": 1.0,
          "support": 8
        },
        "foam": {
          "precision": 0.8666666666666667,
          "recall": 1.0,
          "f1": 0.9285714285714286,
          "support": 13
        },
        "wood": {
          "precision": 1.0,
          "recall": 1.0,
          "f1": 1.0,
          "support": 24
        },
        "container": {
          "precision": 1.0,
          "recall": 0.9130434782608695,
          "f1": 0.9545454545454546,
          "support": 23
        }
      },
      "classification_report": "              precision    recall  f1-score   support\n\n      sponge     1.0000    1.0000    1.0000         8\n        foam     0.8667    1.0000    0.9286        13\n        wood     1.0000    1.0000    1.0000        24\n   container     1.0000    0.9130    0.9545        23\n\n    accuracy                         0.9706        68\n   macro avg     0.9667    0.9783    0.9708        68\nweighted avg     0.9745    0.9706    0.9710        68\n"
    }
  }
}