{
  "split": "ood_test",
  "block_modality": "none",
  "checkpoint": "outputs/fusion_model_clean/best_model.pth",
  "checkpoint_epoch": 6,
  "num_samples": 120,
  "loss": 0.2527855118115743,
  "mass": 0.975,
  "stiffness": 0.9666666666666667,
  "material": 0.9666666666666667,
  "summary": {
    "average_accuracy": 0.9694444444444444,
    "average_macro_f1": 0.8262359030839924,
    "average_weighted_f1": 0.972868448222619
  },
  "tasks": {
    "mass": {
      "accuracy": 0.975,
      "macro": {
        "precision": 0.9763104838709677,
        "recall": 0.975,
        "f1": 0.9746792284783878
      },
      "weighted": {
        "precision": 0.9763104838709677,
        "recall": 0.975,
        "f1": 0.974679228478388
      },
      "per_class": {
        "very_low": {
          "precision": 0.9375,
          "recall": 1.0,
          "f1": 0.967741935483871,
          "support": 30
        },
        "low": {
          "precision": 1.0,
          "recall": 0.9,
          "f1": 0.9473684210526315,
          "support": 30
        },
        "medium": {
          "precision": 0.967741935483871,
          "recall": 1.0,
          "f1": 0.9836065573770492,
          "support": 30
        },
        "high": {
          "precision": 1.0,
          "recall": 1.0,
          "f1": 1.0,
          "support": 30
        }
      },
      "classification_report": "              precision    recall  f1-score   support\n\n    very_low     0.9375    1.0000    0.9677        30\n         low     1.0000    0.9000    0.9474        30\n      medium     0.9677    1.0000    0.9836        30\n        high     1.0000    1.0000    1.0000        30\n\n    accuracy                         0.9750       120\n   macro avg     0.9763    0.9750    0.9747       120\nweighted avg     0.9763    0.9750    0.9747       120\n"
    },
    "stiffness": {
      "accuracy": 0.9666666666666667,
      "macro": {
        "precision": 0.7419354838709677,
        "recall": 0.7166666666666667,
        "f1": 0.7280444964871194
      },
      "weighted": {
        "precision": 0.9838709677419355,
        "recall": 0.9666666666666667,
        "f1": 0.9739461358313818
      },
      "per_class": {
        "very_soft": {
          "precision": 1.0,
          "recall": 1.0,
          "f1": 1.0,
          "support": 30
        },
        "soft": {
          "precision": 0.0,
          "recall": 0.0,
          "f1": 0.0,
          "support": 0
        },
        "medium": {
          "precision": 1.0,
          "recall": 0.8666666666666667,
          "f1": 0.9285714285714286,
          "support": 30
        },
        "rigid": {
          "precision": 0.967741935483871,
          "recall": 1.0,
          "f1": 0.9836065573770492,
          "support": 60
        }
      },
      "classification_report": "              precision    recall  f1-score   support\n\n   very_soft     1.0000    1.0000    1.0000        30\n        soft     0.0000    0.0000    0.0000         0\n      medium     1.0000    0.8667    0.9286        30\n       rigid     0.9677    1.0000    0.9836        60\n\n    accuracy                         0.9667       120\n   macro avg     0.7419    0.7167    0.7280       120\nweighted avg     0.9839    0.9667    0.9739       120\n"
    },
    "material": {
      "accuracy": 0.9666666666666667,
      "macro": {
        "precision": 0.7810483870967742,
        "recall": 0.7733333333333333,
        "f1": 0.7759839842864699
      },
      "weighted": {
        "precision": 0.9763104838709677,
        "recall": 0.9666666666666667,
        "f1": 0.9699799803580872
      },
      "per_class": {
        "sponge": {
          "precision": 1.0,
          "recall": 1.0,
          "f1": 1.0,
          "support": 30
        },
        "foam": {
          "precision": 1.0,
          "recall": 0.8666666666666667,
          "f1": 0.9285714285714286,
          "support": 30
        },
        "wood": {
          "precision": 0.9375,
          "recall": 1.0,
          "f1": 0.967741935483871,
          "support": 30
        },
        "hollow_container": {
          "precision": 0.0,
          "recall": 0.0,
          "f1": 0.0,
          "support": 0
        },
        "filled_container": {
          "precision": 0.967741935483871,
          "recall": 1.0,
          "f1": 0.9836065573770492,
          "support": 30
        }
      },
      "classification_report": "                  precision    recall  f1-score   support\n\n          sponge     1.0000    1.0000    1.0000        30\n            foam     1.0000    0.8667    0.9286        30\n            wood     0.9375    1.0000    0.9677        30\nhollow_container     0.0000    0.0000    0.0000         0\nfilled_container     0.9677    1.0000    0.9836        30\n\n        accuracy                         0.9667       120\n       macro avg     0.7810    0.7733    0.7760       120\n    weighted avg     0.9763    0.9667    0.9700       120\n"
    }
  }
}