{
  "split": "test",
  "block_modality": "none",
  "checkpoint": "/home/martina/Y3_Project/visuotactile/newOutput_hollow2_only_earlystop/fusion_gating_online_v2_multiseed/fusion_gating_online_v2_seed789/best_model.pth",
  "checkpoint_epoch": 7,
  "num_samples": 71,
  "loss": 1.5501918020382734,
  "mass": 1.0,
  "stiffness": 1.0,
  "material": 0.971830985915493,
  "avg_gate_score": 0.8279884692648767,
  "summary": {
    "average_accuracy": 0.9906103286384976,
    "average_macro_f1": 0.9886710239651416,
    "average_weighted_f1": 0.9908558102427198
  },
  "gate_scores": [
    0.8890140056610107,
    0.8657711148262024,
    0.8799134492874146,
    0.8588687777519226,
    0.8771199584007263,
    0.8734694719314575,
    0.8911622166633606,
    0.8493404984474182,
    0.6495972275733948,
    0.6623119115829468,
    0.6798074841499329,
    0.6658076643943787,
    0.6620025634765625,
    0.7518168091773987,
    0.687224805355072,
    0.7014847993850708,
    0.6873629689216614,
    0.7412315607070923,
    0.713114857673645,
    0.68021559715271,
    0.6862085461616516,
    0.8655957579612732,
    0.8332816362380981,
    0.8583308458328247,
    0.8445119261741638,
    0.8232459425926208,
    0.93075031042099,
    0.9125452637672424,
    0.9088853001594543,
    0.9041087031364441,
    0.9221245646476746,
    0.9225859642028809,
    0.9137508273124695,
    0.9106752872467041,
    0.7871103286743164,
    0.8185455799102783,
    0.7915380001068115,
    0.7722516059875488,
    0.8108909130096436,
    0.8039093017578125,
    0.7922345399856567,
    0.8392863273620605,
    0.8356934189796448,
    0.7750008702278137,
    0.8050010204315186,
    0.8236696720123291,
    0.8080075979232788,
    0.8015614151954651,
    0.8342263102531433,
    0.7994802594184875,
    0.8211686611175537,
    0.8234325647354126,
    0.8368768095970154,
    0.8076030611991882,
    0.8298224806785583,
    0.8329366445541382,
    0.8272004127502441,
    0.8332939147949219,
    0.9084436893463135,
    0.9111150503158569,
    0.9193602800369263,
    0.9022961854934692,
    0.8907652497291565,
    0.9012386798858643,
    0.9219880700111389,
    0.9071586728096008,
    0.9144870638847351,
    0.9123677015304565,
    0.9017671942710876,
    0.8946041464805603,
    0.8876090049743652
  ],
  "tasks": {
    "mass": {
      "accuracy": 1.0,
      "macro": {
        "precision": 1.0,
        "recall": 1.0,
        "f1": 1.0
      },
      "weighted": {
        "precision": 1.0,
        "recall": 1.0,
        "f1": 1.0
      },
      "per_class": {
        "low": {
          "precision": 1.0,
          "recall": 1.0,
          "f1": 1.0,
          "support": 34
        },
        "medium": {
          "precision": 1.0,
          "recall": 1.0,
          "f1": 1.0,
          "support": 24
        },
        "high": {
          "precision": 1.0,
          "recall": 1.0,
          "f1": 1.0,
          "support": 13
        }
      },
      "classification_report": "              precision    recall  f1-score   support\n\n         low     1.0000    1.0000    1.0000        34\n      medium     1.0000    1.0000    1.0000        24\n        high     1.0000    1.0000    1.0000        13\n\n    accuracy                         1.0000        71\n   macro avg     1.0000    1.0000    1.0000        71\nweighted avg     1.0000    1.0000    1.0000        71\n"
    },
    "stiffness": {
      "accuracy": 1.0,
      "macro": {
        "precision": 1.0,
        "recall": 1.0,
        "f1": 1.0
      },
      "weighted": {
        "precision": 1.0,
        "recall": 1.0,
        "f1": 1.0
      },
      "per_class": {
        "very_soft": {
          "precision": 1.0,
          "recall": 1.0,
          "f1": 1.0,
          "support": 8
        },
        "soft": {
          "precision": 1.0,
          "recall": 1.0,
          "f1": 1.0,
          "support": 13
        },
        "medium": {
          "precision": 1.0,
          "recall": 1.0,
          "f1": 1.0,
          "support": 13
        },
        "rigid": {
          "precision": 1.0,
          "recall": 1.0,
          "f1": 1.0,
          "support": 37
        }
      },
      "classification_report": "              precision    recall  f1-score   support\n\n   very_soft     1.0000    1.0000    1.0000         8\n        soft     1.0000    1.0000    1.0000        13\n      medium     1.0000    1.0000    1.0000        13\n       rigid     1.0000    1.0000    1.0000        37\n\n    accuracy                         1.0000        71\n   macro avg     1.0000    1.0000    1.0000        71\nweighted avg     1.0000    1.0000    1.0000        71\n"
    },
    "material": {
      "accuracy": 0.971830985915493,
      "macro": {
        "precision": 0.96,
        "recall": 0.9777777777777779,
        "f1": 0.9660130718954247
      },
      "weighted": {
        "precision": 0.9774647887323944,
        "recall": 0.971830985915493,
        "f1": 0.9725674307281598
      },
      "per_class": {
        "sponge": {
          "precision": 1.0,
          "recall": 1.0,
          "f1": 1.0,
          "support": 8
        },
        "foam": {
          "precision": 1.0,
          "recall": 1.0,
          "f1": 1.0,
          "support": 13
        },
        "wood": {
          "precision": 1.0,
          "recall": 1.0,
          "f1": 1.0,
          "support": 24
        },
        "hollow_container": {
          "precision": 0.8,
          "recall": 1.0,
          "f1": 0.8888888888888888,
          "support": 8
        },
        "filled_container": {
          "precision": 1.0,
          "recall": 0.8888888888888888,
          "f1": 0.9411764705882353,
          "support": 18
        }
      },
      "classification_report": "                  precision    recall  f1-score   support\n\n          sponge     1.0000    1.0000    1.0000         8\n            foam     1.0000    1.0000    1.0000        13\n            wood     1.0000    1.0000    1.0000        24\nhollow_container     0.8000    1.0000    0.8889         8\nfilled_container     1.0000    0.8889    0.9412        18\n\n        accuracy                         0.9718        71\n       macro avg     0.9600    0.9778    0.9660        71\n    weighted avg     0.9775    0.9718    0.9726        71\n"
    }
  }
}