{
  "split": "ood_test",
  "block_modality": "none",
  "checkpoint": "/home/martina/Y3_Project/visuotactile/newOutput_hollow2_only_earlystop/fusion_gating_online_v2_multiseed/fusion_gating_online_v2_seed42/best_model.pth",
  "checkpoint_epoch": 7,
  "num_samples": 150,
  "loss": 2.147346544265747,
  "mass": 1.0,
  "stiffness": 0.86,
  "material": 0.8133333333333334,
  "avg_gate_score": 0.7503086682160696,
  "summary": {
    "average_accuracy": 0.8911111111111111,
    "average_macro_f1": 0.8652962903613045,
    "average_weighted_f1": 0.8765373458562192
  },
  "gate_scores": [
    0.6771235466003418,
    0.6340798139572144,
    0.6440742015838623,
    0.6828241348266602,
    0.6649935245513916,
    0.6739392280578613,
    0.6893228888511658,
    0.6572282910346985,
    0.700015664100647,
    0.648289680480957,
    0.680912435054779,
    0.6786221861839294,
    0.6545265913009644,
    0.677746057510376,
    0.6827803254127502,
    0.6811701655387878,
    0.7108287811279297,
    0.6864291429519653,
    0.6388832926750183,
    0.7006562352180481,
    0.6447662115097046,
    0.6515151262283325,
    0.6068471074104309,
    0.7059539556503296,
    0.6233235001564026,
    0.6671763062477112,
    0.6665218472480774,
    0.6873780488967896,
    0.7151895761489868,
    0.5892175436019897,
    0.7730463147163391,
    0.784275472164154,
    0.7591331601142883,
    0.8314220905303955,
    0.8147204518318176,
    0.798527181148529,
    0.8408709168434143,
    0.8170111179351807,
    0.8754895329475403,
    0.8551867604255676,
    0.8261203169822693,
    0.8017845153808594,
    0.8388738632202148,
    0.850090503692627,
    0.8178016543388367,
    0.8422198295593262,
    0.8458183407783508,
    0.795498788356781,
    0.8141152262687683,
    0.8131065964698792,
    0.8409269452095032,
    0.8533468842506409,
    0.8239998817443848,
    0.8403403759002686,
    0.8425776362419128,
    0.8697304725646973,
    0.8098292350769043,
    0.8591064214706421,
    0.8503886461257935,
    0.7724091410636902,
    0.7891286015510559,
    0.7673455476760864,
    0.819980800151825,
    0.7939665913581848,
    0.8029589653015137,
    0.7748823165893555,
    0.7980195879936218,
    0.7632436156272888,
    0.8336926698684692,
    0.7927677035331726,
    0.7694051265716553,
    0.7900696396827698,
    0.7877839803695679,
    0.8119655251502991,
    0.7437969446182251,
    0.8090029358863831,
    0.7889240384101868,
    0.8074154257774353,
    0.7967298626899719,
    0.7996141314506531,
    0.8270851969718933,
    0.799013078212738,
    0.7776973843574524,
    0.8177806735038757,
    0.7869458794593811,
    0.7782368659973145,
    0.7895447015762329,
    0.7860480546951294,
    0.761074960231781,
    0.7625265717506409,
    0.6772837042808533,
    0.6925944685935974,
    0.7600091099739075,
    0.7727496027946472,
    0.7454607486724854,
    0.7257627248764038,
    0.7621728777885437,
    0.7250407338142395,
    0.7368177175521851,
    0.7284200191497803,
    0.6888932585716248,
    0.761064350605011,
    0.7069420218467712,
    0.7037728428840637,
    0.6927048563957214,
    0.7363384366035461,
    0.7291510105133057,
    0.7002601623535156,
    0.752375602722168,
    0.6999293565750122,
    0.7642989158630371,
    0.7351071834564209,
    0.7537489533424377,
    0.7226398587226868,
    0.7515684366226196,
    0.7447596788406372,
    0.7471093535423279,
    0.75632244348526,
    0.7068808674812317,
    0.7342974543571472,
    0.7519530057907104,
    0.7777661681175232,
    0.7794004082679749,
    0.7480656504631042,
    0.763766348361969,
    0.771924614906311,
    0.748397707939148,
    0.7851374745368958,
    0.7219300866127014,
    0.7102470993995667,
    0.7491993308067322,
    0.7299495339393616,
    0.7271199822425842,
    0.7570146322250366,
    0.7563164830207825,
    0.7363364696502686,
    0.7116632461547852,
    0.7086289525032043,
    0.7122258543968201,
    0.7360733151435852,
    0.7789182066917419,
    0.7277030944824219,
    0.7282474040985107,
    0.7175507545471191,
    0.7004072666168213,
    0.7313533425331116,
    0.6934970617294312,
    0.7017625570297241,
    0.7252097129821777,
    0.7373066544532776
  ],
  "tasks": {
    "mass": {
      "accuracy": 1.0,
      "macro": {
        "precision": 1.0,
        "recall": 1.0,
        "f1": 1.0
      },
      "weighted": {
        "precision": 1.0,
        "recall": 1.0,
        "f1": 1.0
      },
      "per_class": {
        "low": {
          "precision": 1.0,
          "recall": 1.0,
          "f1": 1.0,
          "support": 90
        },
        "medium": {
          "precision": 1.0,
          "recall": 1.0,
          "f1": 1.0,
          "support": 30
        },
        "high": {
          "precision": 1.0,
          "recall": 1.0,
          "f1": 1.0,
          "support": 30
        }
      },
      "classification_report": "              precision    recall  f1-score   support\n\n         low     1.0000    1.0000    1.0000        90\n      medium     1.0000    1.0000    1.0000        30\n        high     1.0000    1.0000    1.0000        30\n\n    accuracy                         1.0000       150\n   macro avg     1.0000    1.0000    1.0000       150\nweighted avg     1.0000    1.0000    1.0000       150\n"
    },
    "stiffness": {
      "accuracy": 0.86,
      "macro": {
        "precision": 0.8295369050447454,
        "recall": 0.825,
        "f1": 0.8231197047663601
      },
      "weighted": {
        "precision": 0.8603508355112062,
        "recall": 0.86,
        "f1": 0.8568428712511046
      },
      "per_class": {
        "very_soft": {
          "precision": 1.0,
          "recall": 1.0,
          "f1": 1.0,
          "support": 30
        },
        "soft": {
          "precision": 0.6388888888888888,
          "recall": 0.7666666666666667,
          "f1": 0.696969696969697,
          "support": 30
        },
        "medium": {
          "precision": 0.6956521739130435,
          "recall": 0.5333333333333333,
          "f1": 0.6037735849056604,
          "support": 30
        },
        "rigid": {
          "precision": 0.9836065573770492,
          "recall": 1.0,
          "f1": 0.9917355371900827,
          "support": 60
        }
      },
      "classification_report": "              precision    recall  f1-score   support\n\n   very_soft     1.0000    1.0000    1.0000        30\n        soft     0.6389    0.7667    0.6970        30\n      medium     0.6957    0.5333    0.6038        30\n       rigid     0.9836    1.0000    0.9917        60\n\n    accuracy                         0.8600       150\n   macro avg     0.8295    0.8250    0.8231       150\nweighted avg     0.8604    0.8600    0.8568       150\n"
    },
    "material": {
      "accuracy": 0.8133333333333334,
      "macro": {
        "precision": 0.8690602836879432,
        "recall": 0.8133333333333332,
        "f1": 0.7727691663175534
      },
      "weighted": {
        "precision": 0.8690602836879433,
        "recall": 0.8133333333333334,
        "f1": 0.7727691663175534
      },
      "per_class": {
        "sponge": {
          "precision": 1.0,
          "recall": 1.0,
          "f1": 1.0,
          "support": 30
        },
        "foam": {
          "precision": 0.574468085106383,
          "recall": 0.9,
          "f1": 0.7012987012987013,
          "support": 30
        },
        "wood": {
          "precision": 0.9375,
          "recall": 1.0,
          "f1": 0.967741935483871,
          "support": 30
        },
        "hollow_container": {
          "precision": 1.0,
          "recall": 0.16666666666666666,
          "f1": 0.2857142857142857,
          "support": 30
        },
        "filled_container": {
          "precision": 0.8333333333333334,
          "recall": 1.0,
          "f1": 0.9090909090909091,
          "support": 30
        }
      },