{
  "split": "test",
  "checkpoint": "/home/martina/Y3_Project/visuotactile/newOutput/singleModal/vision/standard/vision_standard_seed42/best_model.pth",
  "checkpoint_epoch": 16,
  "num_samples": 68,
  "loss": 0.3949854373931885,
  "mass": 0.9411764705882353,
  "stiffness": 0.9705882352941176,
  "material": 0.9705882352941176,
  "summary": {
    "average_accuracy": 0.9607843137254902,
    "average_macro_f1": 0.9440135382339684,
    "average_weighted_f1": 0.9613250855897914
  },
  "tasks": {
    "mass": {
      "accuracy": 0.9411764705882353,
      "macro": {
        "precision": 0.9272125723738628,
        "recall": 0.9272125723738628,
        "f1": 0.9272125723738628
      },
      "weighted": {
        "precision": 0.9411764705882353,
        "recall": 0.9411764705882353,
        "f1": 0.9411764705882353
      },
      "per_class": {
        "low": {
          "precision": 0.9354838709677419,
          "recall": 0.9354838709677419,
          "f1": 0.9354838709677419,
          "support": 31
        },
        "medium": {
          "precision": 1.0,
          "recall": 1.0,
          "f1": 1.0,
          "support": 24
        },
        "high": {
          "precision": 0.8461538461538461,
          "recall": 0.8461538461538461,
          "f1": 0.8461538461538461,
          "support": 13
        }
      },
      "classification_report": "              precision    recall  f1-score   support\n\n         low     0.9355    0.9355    0.9355        31\n      medium     1.0000    1.0000    1.0000        24\n        high     0.8462    0.8462    0.8462        13\n\n    accuracy                         0.9412        68\n   macro avg     0.9272    0.9272    0.9272        68\nweighted avg     0.9412    0.9412    0.9412        68\n"
    },
    "stiffness": {
      "accuracy": 0.9705882352941176,
      "macro": {
        "precision": 0.9333333333333332,
        "recall": 0.9814814814814815,
        "f1": 0.9534391534391534
      },
      "weighted": {
        "precision": 0.9764705882352942,
        "recall": 0.9705882352941176,
        "f1": 0.9718020541549952
      },
      "per_class": {
        "soft": {
          "precision": 0.8,
          "recall": 1.0,
          "f1": 0.8888888888888888,
          "support": 8
        },
        "medium": {
          "precision": 1.0,
          "recall": 0.9444444444444444,
          "f1": 0.9714285714285714,
          "support": 36
        },
        "rigid": {
          "precision": 1.0,
          "recall": 1.0,
          "f1": 1.0,
          "support": 24
        }
      },
      "classification_report": "              precision    recall  f1-score   support\n\n        soft     0.8000    1.0000    0.8889         8\n      medium     1.0000    0.9444    0.9714        36\n       rigid     1.0000    1.0000    1.0000        24\n\n    accuracy                         0.9706        68\n   macro avg     0.9333    0.9815    0.9534        68\nweighted avg     0.9765    0.9706    0.9718        68\n"
    },
    "material": {
      "accuracy": 0.9705882352941176,
      "macro": {
        "precision": 0.95,
        "recall": 0.9615384615384616,
        "f1": 0.9513888888888888
      },
      "weighted": {
        "precision": 0.9764705882352942,
        "recall": 0.9705882352941176,
        "f1": 0.9709967320261437
      },
      "per_class": {
        "sponge": {
          "precision": 0.8,
          "recall": 1.0,
          "f1": 0.8888888888888888,
          "support": 8
        },
        "foam": {
          "precision": 1.0,
          "recall": 0.8461538461538461,
          "f1": 0.9166666666666666,
          "support": 13
        },
        "wood": {
          "precision": 1.0,
          "recall": 1.0,
          "f1": 1.0,
          "support": 24
        },
        "container": {
          "precision": 1.0,
          "recall": 1.0,
          "f1": 1.0,
          "support": 23
        }
      },
      "classification_report": "              precision    recall  f1-score   support\n\n      sponge     0.8000    1.0000    0.8889         8\n        foam     1.0000    0.8462    0.9167        13\n        wood     1.0000    1.0000    1.0000        24\n   container     1.0000    1.0000    1.0000        23\n\n    accuracy                         0.9706        68\n   macro avg     0.9500    0.9615    0.9514        68\nweighted avg     0.9765    0.9706    0.9710        68\n"
    }
  }
}