{
  "split": "test",
  "checkpoint": "/home/martina/Y3_Project/visuotactile/newOutput/singleModal/vision/standard/vision_standard_seed123/best_model.pth",
  "checkpoint_epoch": 30,
  "num_samples": 68,
  "loss": 0.20106974244117737,
  "mass": 0.9411764705882353,
  "stiffness": 0.9852941176470589,
  "material": 0.9852941176470589,
  "summary": {
    "average_accuracy": 0.9705882352941178,
    "average_macro_f1": 0.9594013370676384,
    "average_weighted_f1": 0.970744025862209
  },
  "tasks": {
    "mass": {
      "accuracy": 0.9411764705882353,
      "macro": {
        "precision": 0.9272125723738628,
        "recall": 0.9272125723738628,
        "f1": 0.9272125723738628
      },
      "weighted": {
        "precision": 0.9411764705882353,
        "recall": 0.9411764705882353,
        "f1": 0.9411764705882353
      },
      "per_class": {
        "low": {
          "precision": 0.9354838709677419,
          "recall": 0.9354838709677419,
          "f1": 0.9354838709677419,
          "support": 31
        },
        "medium": {
          "precision": 1.0,
          "recall": 1.0,
          "f1": 1.0,
          "support": 24
        },
        "high": {
          "precision": 0.8461538461538461,
          "recall": 0.8461538461538461,
          "f1": 0.8461538461538461,
          "support": 13
        }
      },
      "classification_report": "              precision    recall  f1-score   support\n\n         low     0.9355    0.9355    0.9355        31\n      medium     1.0000    1.0000    1.0000        24\n        high     0.8462    0.8462    0.8462        13\n\n    accuracy                         0.9412        68\n   macro avg     0.9272    0.9272    0.9272        68\nweighted avg     0.9412    0.9412    0.9412        68\n"
    },
    "stiffness": {
      "accuracy": 0.9852941176470589,
      "macro": {
        "precision": 0.9629629629629629,
        "recall": 0.9907407407407408,
        "f1": 0.9756973211819938
      },
      "weighted": {
        "precision": 0.9869281045751634,
        "recall": 0.9852941176470589,
        "f1": 0.9856230810468347
      },
      "per_class": {
        "soft": {
          "precision": 0.8888888888888888,
          "recall": 1.0,
          "f1": 0.9411764705882353,
          "support": 8
        },
        "medium": {
          "precision": 1.0,
          "recall": 0.9722222222222222,
          "f1": 0.9859154929577465,
          "support": 36
        },
        "rigid": {
          "precision": 1.0,
          "recall": 1.0,
          "f1": 1.0,
          "support": 24
        }
      },
      "classification_report": "              precision    recall  f1-score   support\n\n        soft     0.8889    1.0000    0.9412         8\n      medium     1.0000    0.9722    0.9859        36\n       rigid     1.0000    1.0000    1.0000        24\n\n    accuracy                         0.9853        68\n   macro avg     0.9630    0.9907    0.9757        68\nweighted avg     0.9869    0.9853    0.9856        68\n"
    },
    "material": {
      "accuracy": 0.9852941176470589,
      "macro": {
        "precision": 0.9722222222222222,
        "recall": 0.9807692307692308,
        "f1": 0.9752941176470589
      },
      "weighted": {
        "precision": 0.9869281045751634,
        "recall": 0.9852941176470589,
        "f1": 0.985432525951557
      },
      "per_class": {
        "sponge": {
          "precision": 0.8888888888888888,
          "recall": 1.0,
          "f1": 0.9411764705882353,
          "support": 8
        },
        "foam": {
          "precision": 1.0,
          "recall": 0.9230769230769231,
          "f1": 0.96,
          "support": 13
        },
        "wood": {
          "precision": 1.0,
          "recall": 1.0,
          "f1": 1.0,
          "support": 24
        },
        "container": {
          "precision": 1.0,
          "recall": 1.0,
          "f1": 1.0,
          "support": 23
        }
      },
      "classification_report": "              precision    recall  f1-score   support\n\n      sponge     0.8889    1.0000    0.9412         8\n        foam     1.0000    0.9231    0.9600        13\n        wood     1.0000    1.0000    1.0000        24\n   container     1.0000    1.0000    1.0000        23\n\n    accuracy                         0.9853        68\n   macro avg     0.9722    0.9808    0.9753        68\nweighted avg     0.9869    0.9853    0.9854        68\n"
    }
  }
}