{
  "split": "test",
  "block_modality": "none",
  "checkpoint": "/home/martina/Y3_Project/visuotactile/newOutput/fusion/standard/fusion_standard_seed123/best_model.pth",
  "checkpoint_epoch": 5,
  "num_samples": 68,
  "loss": 0.5958035448018242,
  "mass": 0.9852941176470589,
  "stiffness": 1.0,
  "material": 0.9852941176470589,
  "summary": {
    "average_accuracy": 0.9901960784313726,
    "average_macro_f1": 0.9923584005551218,
    "average_weighted_f1": 0.9902014722100132
  },
  "tasks": {
    "mass": {
      "accuracy": 0.9852941176470589,
      "macro": {
        "precision": 0.9866666666666667,
        "recall": 0.989247311827957,
        "f1": 0.9877327980372477
      },
      "weighted": {
        "precision": 0.9858823529411763,
        "recall": 0.9852941176470589,
        "f1": 0.985323637651782
      },
      "per_class": {
        "low": {
          "precision": 1.0,
          "recall": 0.967741935483871,
          "f1": 0.9836065573770492,
          "support": 31
        },
        "medium": {
          "precision": 0.96,
          "recall": 1.0,
          "f1": 0.9795918367346939,
          "support": 24
        },
        "high": {
          "precision": 1.0,
          "recall": 1.0,
          "f1": 1.0,
          "support": 13
        }
      },
      "classification_report": "              precision    recall  f1-score   support\n\n         low     1.0000    0.9677    0.9836        31\n      medium     0.9600    1.0000    0.9796        24\n        high     1.0000    1.0000    1.0000        13\n\n    accuracy                         0.9853        68\n   macro avg     0.9867    0.9892    0.9877        68\nweighted avg     0.9859    0.9853    0.9853        68\n"
    },
    "stiffness": {
      "accuracy": 1.0,
      "macro": {
        "precision": 1.0,
        "recall": 1.0,
        "f1": 1.0
      },
      "weighted": {
        "precision": 1.0,
        "recall": 1.0,
        "f1": 1.0
      },
      "per_class": {
        "soft": {
          "precision": 1.0,
          "recall": 1.0,
          "f1": 1.0,
          "support": 8
        },
        "medium": {
          "precision": 1.0,
          "recall": 1.0,
          "f1": 1.0,
          "support": 36
        },
        "rigid": {
          "precision": 1.0,
          "recall": 1.0,
          "f1": 1.0,
          "support": 24
        }
      },
      "classification_report": "              precision    recall  f1-score   support\n\n        soft     1.0000    1.0000    1.0000         8\n      medium     1.0000    1.0000    1.0000        36\n       rigid     1.0000    1.0000    1.0000        24\n\n    accuracy                         1.0000        68\n   macro avg     1.0000    1.0000    1.0000        68\nweighted avg     1.0000    1.0000    1.0000        68\n"
    },
    "material": {
      "accuracy": 0.9852941176470589,
      "macro": {
        "precision": 0.99,
        "recall": 0.9891304347826086,
        "f1": 0.989342403628118
      },
      "weighted": {
        "precision": 0.9858823529411763,
        "recall": 0.9852941176470589,
        "f1": 0.9852807789782578
      },
      "per_class": {
        "sponge": {
          "precision": 1.0,
          "recall": 1.0,
          "f1": 1.0,
          "support": 8
        },
        "foam": {
          "precision": 1.0,
          "recall": 1.0,
          "f1": 1.0,
          "support": 13
        },
        "wood": {
          "precision": 0.96,
          "recall": 1.0,
          "f1": 0.9795918367346939,
          "support": 24
        },
        "container": {
          "precision": 1.0,
          "recall": 0.9565217391304348,
          "f1": 0.9777777777777777,
          "support": 23
        }
      },
      "classification_report": "              precision    recall  f1-score   support\n\n      sponge     1.0000    1.0000    1.0000         8\n        foam     1.0000    1.0000    1.0000        13\n        wood     0.9600    1.0000    0.9796        24\n   container     1.0000    0.9565    0.9778        23\n\n    accuracy                         0.9853        68\n   macro avg     0.9900    0.9891    0.9893        68\nweighted avg     0.9859    0.9853    0.9853        68\n"
    }
  }
}