{
  "split": "ood_test",
  "block_modality": "none",
  "checkpoint": "/home/martina/Y3_Project/visuotactile/newOutput/fusion/standard/fusion_standard_seed789/best_model.pth",
  "checkpoint_epoch": 6,
  "num_samples": 150,
  "loss": 2.3850051879882814,
  "mass": 0.7666666666666667,
  "stiffness": 0.7666666666666667,
  "material": 0.6,
  "summary": {
    "average_accuracy": 0.7111111111111111,
    "average_macro_f1": 0.7200443637830207,
    "average_weighted_f1": 0.7165476910667472
  },
  "tasks": {
    "mass": {
      "accuracy": 0.7666666666666667,
      "macro": {
        "precision": 0.8205128205128206,
        "recall": 0.8703703703703703,
        "f1": 0.7967332123411978
      },
      "weighted": {
        "precision": 0.8923076923076922,
        "recall": 0.7666666666666667,
        "f1": 0.7814882032667876
      },
      "per_class": {
        "low": {
          "precision": 1.0,
          "recall": 0.6111111111111112,
          "f1": 0.7586206896551724,
          "support": 90
        },
        "medium": {
          "precision": 0.46153846153846156,
          "recall": 1.0,
          "f1": 0.631578947368421,
          "support": 30
        },
        "high": {
          "precision": 1.0,
          "recall": 1.0,
          "f1": 1.0,
          "support": 30
        }
      },
      "classification_report": "              precision    recall  f1-score   support\n\n         low     1.0000    0.6111    0.7586        90\n      medium     0.4615    1.0000    0.6316        30\n        high     1.0000    1.0000    1.0000        30\n\n    accuracy                         0.7667       150\n   macro avg     0.8205    0.8704    0.7967       150\nweighted avg     0.8923    0.7667    0.7815       150\n"
    },
    "stiffness": {
      "accuracy": 0.7666666666666667,
      "macro": {
        "precision": 0.8205128205128206,
        "recall": 0.8703703703703703,
        "f1": 0.7967332123411978
      },
      "weighted": {
        "precision": 0.8923076923076922,
        "recall": 0.7666666666666667,
        "f1": 0.7814882032667876
      },
      "per_class": {
        "soft": {
          "precision": 1.0,
          "recall": 1.0,
          "f1": 1.0,
          "support": 30
        },
        "medium": {
          "precision": 1.0,
          "recall": 0.6111111111111112,
          "f1": 0.7586206896551724,
          "support": 90
        },
        "rigid": {
          "precision": 0.46153846153846156,
          "recall": 1.0,
          "f1": 0.631578947368421,
          "support": 30
        }
      },
      "classification_report": "              precision    recall  f1-score   support\n\n        soft     1.0000    1.0000    1.0000        30\n      medium     1.0000    0.6111    0.7586        90\n       rigid     0.4615    1.0000    0.6316        30\n\n    accuracy                         0.7667       150\n   macro avg     0.8205    0.8704    0.7967       150\nweighted avg     0.8923    0.7667    0.7815       150\n"
    },
    "material": {
      "accuracy": 0.6,
      "macro": {
        "precision": 0.6071428571428572,
        "recall": 0.625,
        "f1": 0.5666666666666667
      },
      "weighted": {
        "precision": 0.6857142857142857,
        "recall": 0.6,
        "f1": 0.5866666666666667
      },
      "per_class": {
        "sponge": {
          "precision": 1.0,
          "recall": 1.0,
          "f1": 1.0,
          "support": 30
        },
        "foam": {
          "precision": 0.0,
          "recall": 0.0,
          "f1": 0.0,
          "support": 30
        },
        "wood": {
          "precision": 0.42857142857142855,
          "recall": 1.0,
          "f1": 0.6,
          "support": 30
        },
        "container": {
          "precision": 1.0,
          "recall": 0.5,
          "f1": 0.6666666666666666,
          "support": 60
        }
      },
      "classification_report": "              precision    recall  f1-score   support\n\n      sponge     1.0000    1.0000    1.0000        30\n        foam     0.0000    0.0000    0.0000        30\n        wood     0.4286    1.0000    0.6000        30\n   container     1.0000    0.5000    0.6667        60\n\n    accuracy                         0.6000       150\n   macro avg     0.6071    0.6250    0.5667       150\nweighted avg     0.6857    0.6000    0.5867       150\n"
    }
  }
}