{
  "split": "ood_test",
  "block_modality": "none",
  "checkpoint": "/home/martina/Y3_Project/visuotactile/newOutput/fusion_gating_online_v2_multiseed/fusion_gating_online_v2_seed42/best_model.pth",
  "checkpoint_epoch": 5,
  "num_samples": 150,
  "loss": 2.1609111150105793,
  "mass": 1.0,
  "stiffness": 1.0,
  "material": 0.7866666666666666,
  "avg_gate_score": 0.8991198841730753,
  "summary": {
    "average_accuracy": 0.9288888888888889,
    "average_macro_f1": 0.939942571090112,
    "average_weighted_f1": 0.9292434341614669
  },
  "gate_scores": [
    0.9148557782173157,
    0.9160115122795105,
    0.9190250635147095,
    0.9297357797622681,
    0.9149845838546753,
    0.9167372584342957,
    0.9022644758224487,
    0.9060735106468201,
    0.9155526161193848,
    0.9196494221687317,
    0.9080731272697449,
    0.9046849608421326,
    0.8979350328445435,
    0.9136397242546082,
    0.9094820022583008,
    0.9137493371963501,
    0.9279845356941223,
    0.9222486019134521,
    0.905963122844696,
    0.9244148135185242,
    0.903404951095581,
    0.9064255952835083,
    0.9117226600646973,
    0.9162741303443909,
    0.9106765985488892,
    0.9100340008735657,
    0.9044225811958313,
    0.9218367338180542,
    0.9187706708908081,
    0.8957626819610596,
    0.9035412669181824,
    0.9087252020835876,
    0.8954238295555115,
    0.8968533277511597,
    0.904757559299469,
    0.8920264840126038,
    0.9010783433914185,
    0.9014717936515808,
    0.9078376889228821,
    0.9108864068984985,
    0.8938114047050476,
    0.88954097032547,
    0.906295657157898,
    0.9125950336456299,
    0.8942956924438477,
    0.8988207578659058,
    0.8935725688934326,
    0.8875188231468201,
    0.8974486589431763,
    0.8907049298286438,
    0.9054009914398193,
    0.9088324308395386,
    0.9104356169700623,
    0.8979746699333191,
    0.8998624086380005,
    0.9114537835121155,
    0.8918392658233643,
    0.9147098064422607,
    0.9146278500556946,
    0.8882943987846375,
    0.8979545831680298,
    0.8969175815582275,
    0.9108421206474304,
    0.8715338110923767,
    0.907829225063324,
    0.9013392925262451,
    0.8849332332611084,
    0.8783676028251648,
    0.9150868058204651,
    0.897680401802063,
    0.8941665291786194,
    0.884372353553772,
    0.9024190902709961,
    0.9012089371681213,
    0.8881452083587646,
    0.8799811005592346,
    0.8869755864143372,
    0.8904826045036316,
    0.8967710733413696,
    0.8757344484329224,
    0.8974177837371826,
    0.9077067971229553,
    0.8854590654373169,
    0.9175311923027039,
    0.8981821537017822,
    0.8877085447311401,
    0.8713783621788025,
    0.8841336369514465,
    0.8640265464782715,
    0.8773280382156372,
    0.884843647480011,
    0.8871430158615112,
    0.9155259132385254,
    0.9108352661132812,
    0.9041652083396912,
    0.9052048921585083,
    0.9108628630638123,
    0.905071496963501,
    0.8964018225669861,
    0.9070206880569458,
    0.8928206562995911,
    0.904492199420929,
    0.8906517624855042,
    0.8893352150917053,
    0.8882322311401367,
    0.8957661390304565,
    0.910319447517395,
    0.8878344297409058,
    0.9043420553207397,
    0.8987277746200562,
    0.9186246991157532,
    0.9044121503829956,
    0.9082872867584229,
    0.9008260369300842,
    0.9007009267807007,
    0.8988455533981323,
    0.907189667224884,
    0.9038205742835999,
    0.8899811506271362,
    0.9065711498260498,
    0.8976580500602722,
    0.9081612229347229,
    0.8966662883758545,
    0.8986772894859314,
    0.892025887966156,
    0.8926610350608826,
    0.8857733011245728,
    0.9015812873840332,
    0.8916072249412537,
    0.8886106610298157,
    0.9137740135192871,
    0.8947046995162964,
    0.8847672343254089,
    0.8788912296295166,
    0.8943381905555725,
    0.8875899314880371,
    0.8990280628204346,
    0.8925053477287292,
    0.8854653239250183,
    0.885692298412323,
    0.894526481628418,
    0.8742384314537048,
    0.8705785274505615,
    0.8813716173171997,
    0.8634348511695862,
    0.8855763673782349,
    0.8750237822532654,
    0.8770334124565125,
    0.8919001221656799,
    0.8886173367500305
  ],
  "tasks": {
    "mass": {
      "accuracy": 1.0,
      "macro": {
        "precision": 1.0,
        "recall": 1.0,
        "f1": 1.0
      },
      "weighted": {
        "precision": 1.0,
        "recall": 1.0,
        "f1": 1.0
      },
      "per_class": {
        "low": {
          "precision": 1.0,
          "recall": 1.0,
          "f1": 1.0,
          "support": 90
        },
        "medium": {
          "precision": 1.0,
          "recall": 1.0,
          "f1": 1.0,
          "support": 30
        },
        "high": {
          "precision": 1.0,
          "recall": 1.0,
          "f1": 1.0,
          "support": 30
        }
      },
      "classification_report": "              precision    recall  f1-score   support\n\n         low     1.0000    1.0000    1.0000        90\n      medium     1.0000    1.0000    1.0000        30\n        high     1.0000    1.0000    1.0000        30\n\n    accuracy                         1.0000       150\n   macro avg     1.0000    1.0000    1.0000       150\nweighted avg     1.0000    1.0000    1.0000       150\n"
    },
    "stiffness": {
      "accuracy": 1.0,
      "macro": {
        "precision": 1.0,
        "recall": 1.0,
        "f1": 1.0
      },
      "weighted": {
        "precision": 1.0,
        "recall": 1.0,
        "f1": 1.0
      },
      "per_class": {
        "soft": {
          "precision": 1.0,
          "recall": 1.0,
          "f1": 1.0,
          "support": 30
        },
        "medium": {
          "precision": 1.0,
          "recall": 1.0,
          "f1": 1.0,
          "support": 90
        },
        "rigid": {
          "precision": 1.0,
          "recall": 1.0,
          "f1": 1.0,
          "support": 30
        }
      },
      "classification_report": "              precision    recall  f1-score   support\n\n        soft     1.0000    1.0000    1.0000        30\n      medium     1.0000    1.0000    1.0000        90\n       rigid     1.0000    1.0000    1.0000        30\n\n    accuracy                         1.0000       150\n   macro avg     1.0000    1.0000    1.0000       150\nweighted avg     1.0000    1.0000    1.0000       150\n"
    },
    "material": {
      "accuracy": 0.7866666666666666,
      "macro": {
        "precision": 0.8545606229143493,
        "recall": 0.8583333333333334,
        "f1": 0.8198277132703361
      },
      "weighted": {
        "precision": 0.8771968854282536,
        "recall": 0.7866666666666666,
        "f1": 0.7877303024844009
      },
      "per_class": {
        "sponge": {
          "precision": 1.0,
          "recall": 1.0,
          "f1": 1.0,
          "support": 30
        },
        "foam": {
          "precision": 0.4827586206896552,
          "recall": 0.9333333333333333,
          "f1": 0.6363636363636364,
          "support": 30
        },
        "wood": {
          "precision": 0.967741935483871,
          "recall": 1.0,
          "f1": 0.9836065573770492,
          "support": 30
        },
        "container": {
          "precision": 0.967741935483871,
          "recall": 0.5,
          "f1": 0.6593406593406593,
          "support": 60
        }
      },
      "classification_report": "              precision    recall  f1-score   support\n\n      sponge     1.0000    1.0000    1.0000        30\n        foam     0.4828    0.9333    0.6364        30\n        wood     0.9677    1.0000    0.9836        30\n   container     0.9677    0.5000    0.6593        60\n\n    accuracy                         0.7867       150\n   macro avg     0.8546    0.8583    0.8198       150\nweighted avg     0.8772    0.7867    0.7877       150\n"
    }
  }
}