{
  "split": "ood_test",
  "checkpoint": "/home/martina/Y3_Project/visuotactile/newOutput/singleModal/vision/standard/vision_standard_seed2024/best_model.pth",
  "checkpoint_epoch": 26,
  "num_samples": 150,
  "loss": 9.883346163431803,
  "mass": 0.18666666666666668,
  "stiffness": 0.34,
  "material": 0.16,
  "summary": {
    "average_accuracy": 0.22888888888888892,
    "average_macro_f1": 0.17264751725357297,
    "average_weighted_f1": 0.16964560429414877
  },
  "tasks": {
    "mass": {
      "accuracy": 0.18666666666666668,
      "macro": {
        "precision": 0.12971887550200803,
        "recall": 0.2814814814814815,
        "f1": 0.16210574086680282
      },
      "weighted": {
        "precision": 0.11783132530120483,
        "recall": 0.18666666666666668,
        "f1": 0.1218788291354663
      },
      "per_class": {
        "low": {
          "precision": 0.1,
          "recall": 0.044444444444444446,
          "f1": 0.06153846153846154,
          "support": 90
        },
        "medium": {
          "precision": 0.2891566265060241,
          "recall": 0.8,
          "f1": 0.4247787610619469,
          "support": 30
        },
        "high": {
          "precision": 0.0,
          "recall": 0.0,
          "f1": 0.0,
          "support": 30
        }
      },
      "classification_report": "              precision    recall  f1-score   support\n\n         low     0.1000    0.0444    0.0615        90\n      medium     0.2892    0.8000    0.4248        30\n        high     0.0000    0.0000    0.0000        30\n\n    accuracy                         0.1867       150\n   macro avg     0.1297    0.2815    0.1621       150\nweighted avg     0.1178    0.1867    0.1219       150\n"
    },
    "stiffness": {
      "accuracy": 0.34,
      "macro": {
        "precision": 0.23461958500182015,
        "recall": 0.3444444444444444,
        "f1": 0.25238853503184716
      },
      "weighted": {
        "precision": 0.3198762286130324,
        "recall": 0.34,
        "f1": 0.30429936305732486
      },
      "per_class": {
        "soft": {
          "precision": 0.0,
          "recall": 0.0,
          "f1": 0.0,
          "support": 30
        },
        "medium": {
          "precision": 0.44776119402985076,
          "recall": 0.3333333333333333,
          "f1": 0.3821656050955414,
          "support": 90
        },
        "rigid": {
          "precision": 0.25609756097560976,
          "recall": 0.7,
          "f1": 0.375,
          "support": 30
        }
      },
      "classification_report": "              precision    recall  f1-score   support\n\n        soft     0.0000    0.0000    0.0000        30\n      medium     0.4478    0.3333    0.3822        90\n       rigid     0.2561    0.7000    0.3750        30\n\n    accuracy                         0.3400       150\n   macro avg     0.2346    0.3444    0.2524       150\nweighted avg     0.3199    0.3400    0.3043       150\n"
    },
    "material": {
      "accuracy": 0.16,
      "macro": {
        "precision": 0.06976744186046512,
        "recall": 0.2,
        "f1": 0.10344827586206896
      },
      "weighted": {
        "precision": 0.0558139534883721,
        "recall": 0.16,
        "f1": 0.08275862068965517
      },
      "per_class": {
        "sponge": {
          "precision": 0.0,
          "recall": 0.0,
          "f1": 0.0,
          "support": 30
        },
        "foam": {
          "precision": 0.0,
          "recall": 0.0,
          "f1": 0.0,
          "support": 30
        },
        "wood": {
          "precision": 0.27906976744186046,
          "recall": 0.8,
          "f1": 0.41379310344827586,
          "support": 30
        },
        "container": {
          "precision": 0.0,
          "recall": 0.0,
          "f1": 0.0,
          "support": 60
        }
      },
      "classification_report": "              precision    recall  f1-score   support\n\n      sponge     0.0000    0.0000    0.0000        30\n        foam     0.0000    0.0000    0.0000        30\n        wood     0.2791    0.8000    0.4138        30\n   container     0.0000    0.0000    0.0000        60\n\n    accuracy                         0.1600       150\n   macro avg     0.0698    0.2000    0.1034       150\nweighted avg     0.0558    0.1600    0.0828       150\n"
    }
  }
}