{
  "input_dim": 24,
  "context_len": 256,
  "d_model": 128,
  "n_heads": 4,
  "n_layers": 4,
  "dim_feedforward": 256,
  "dropout": 0.1,
  "num_classes": 10,
  "num_mass": 4,
  "num_stiffness": 4,
  "num_material": 5,
  "classes": [
    "CardboardBox_Hollow",
    "CardboardBox_RockFilled",
    "CardboardBox_RockFilled_Red",
    "CardboardBox_SpongeFilled",
    "Sponge_Blue",
    "WoodBlock_Foil",
    "WoodBlock_Native",
    "WoodBlock_Red",
    "YogaBrick_Blue",
    "YogaBrick_Native"
  ],
  "normalization": {
    "mean": [
      -3.735781192779541,
      18.4748477935791,
      -26.220752716064453,
      80.30110168457031,
      3.228431463241577,
      57.28741455078125,
      -1.673335075378418,
      12.690591812133789,
      11.362140655517578,
      1.932636022567749,
      -0.045700687915086746,
      19.14116668701172,
      3.8168373107910156,
      96.85917663574219,
      66.0403823852539,
      9.10011100769043,
      2.7803025245666504,
      136.59707641601562,
      0.024214478209614754,
      2.1179006099700928,
      0.1297050565481186,
      0.2820315361022949,
      -0.023242222145199776,
      -1.7763947248458862
    ],
    "std": [
      2.8983278274536133,
      13.767892837524414,
      11.128098487854004,
      5.822725772857666,
      0.4147467315196991,
      18.209125518798828,
      4.641351222991943,
      17.26333236694336,
      13.209226608276367,
      6.883742809295654,
      3.843127489089966,
      16.611366271972656,
      5.177859783172607,
      223.4718475341797,
      112.50269317626953,
      17.02214241027832,
      3.8248419761657715,
      174.61793518066406,
      4.413525581359863,
      13.30555534362793,
      8.929182052612305,
      7.54807186126709,
      1.3967640399932861,
      15.452479362487793
    ]
  }
}