{
  "split": "ood_test",
  "block_modality": "none",
  "checkpoint": "/home/martina/Y3_Project/visuotactile/outputs/fusion_seed789/best_model.pth",
  "checkpoint_epoch": 5,
  "num_samples": 120,
  "loss": 0.9174693753321965,
  "mass": 0.8666666666666667,
  "stiffness": 0.85,
  "material": 0.8666666666666667,
  "summary": {
    "average_accuracy": 0.8611111111111112,
    "average_macro_f1": 0.7201976933884828,
    "average_weighted_f1": 0.8542180589877958
  },
  "tasks": {
    "mass": {
      "accuracy": 0.8666666666666667,
      "macro": {
        "precision": 0.8991596638655462,
        "recall": 0.8666666666666667,
        "f1": 0.8517992424242424
      },
      "weighted": {
        "precision": 0.8991596638655462,
        "recall": 0.8666666666666667,
        "f1": 0.8517992424242424
      },
      "per_class": {
        "very_low": {
          "precision": 0.8823529411764706,
          "recall": 1.0,
          "f1": 0.9375,
          "support": 30
        },
        "low": {
          "precision": 1.0,
          "recall": 0.4666666666666667,
          "f1": 0.6363636363636364,
          "support": 30
        },
        "medium": {
          "precision": 0.7142857142857143,
          "recall": 1.0,
          "f1": 0.8333333333333334,
          "support": 30
        },
        "high": {
          "precision": 1.0,
          "recall": 1.0,
          "f1": 1.0,
          "support": 30
        }
      },
      "classification_report": "              precision    recall  f1-score   support\n\n    very_low     0.8824    1.0000    0.9375        30\n         low     1.0000    0.4667    0.6364        30\n      medium     0.7143    1.0000    0.8333        30\n        high     1.0000    1.0000    1.0000        30\n\n    accuracy                         0.8667       120\n   macro avg     0.8992    0.8667    0.8518       120\nweighted avg     0.8992    0.8667    0.8518       120\n"
    },
    "stiffness": {
      "accuracy": 0.85,
      "macro": {
        "precision": 0.7142857142857143,
        "recall": 0.6,
        "f1": 0.6236263736263736
      },
      "weighted": {
        "precision": 0.9285714285714285,
        "recall": 0.85,
        "f1": 0.8543956043956044
      },
      "per_class": {
        "very_soft": {
          "precision": 1.0,
          "recall": 1.0,
          "f1": 1.0,
          "support": 30
        },
        "soft": {
          "precision": 0.0,
          "recall": 0.0,
          "f1": 0.0,
          "support": 0
        },
        "medium": {
          "precision": 1.0,
          "recall": 0.4,
          "f1": 0.5714285714285714,
          "support": 30
        },
        "rigid": {
          "precision": 0.8571428571428571,
          "recall": 1.0,
          "f1": 0.9230769230769231,
          "support": 60
        }
      },
      "classification_report": "              precision    recall  f1-score   support\n\n   very_soft     1.0000    1.0000    1.0000        30\n        soft     0.0000    0.0000    0.0000         0\n      medium     1.0000    0.4000    0.5714        30\n       rigid     0.8571    1.0000    0.9231        60\n\n    accuracy                         0.8500       120\n   macro avg     0.7143    0.6000    0.6236       120\nweighted avg     0.9286    0.8500    0.8544       120\n"
    },
    "material": {
      "accuracy": 0.8666666666666667,
      "macro": {
        "precision": 0.7304347826086957,
        "recall": 0.6933333333333334,
        "f1": 0.6851674641148324
      },
      "weighted": {
        "precision": 0.9130434782608695,
        "recall": 0.8666666666666667,
        "f1": 0.8564593301435407
      },
      "per_class": {
        "sponge": {
          "precision": 1.0,
          "recall": 1.0,
          "f1": 1.0,
          "support": 30
        },
        "foam": {
          "precision": 1.0,
          "recall": 0.4666666666666667,
          "f1": 0.6363636363636364,
          "support": 30
        },
        "wood": {
          "precision": 0.6521739130434783,
          "recall": 1.0,
          "f1": 0.7894736842105263,
          "support": 30
        },
        "hollow_container": {
          "precision": 0.0,
          "recall": 0.0,
          "f1": 0.0,
          "support": 0
        },
        "filled_container": {
          "precision": 1.0,
          "recall": 1.0,
          "f1": 1.0,
          "support": 30
        }
      },
      "classification_report": "                  precision    recall  f1-score   support\n\n          sponge     1.0000    1.0000    1.0000        30\n            foam     1.0000    0.4667    0.6364        30\n            wood     0.6522    1.0000    0.7895        30\nhollow_container     0.0000    0.0000    0.0000         0\nfilled_container     1.0000    1.0000    1.0000        30\n\n        accuracy                         0.8667       120\n       macro avg     0.7304    0.6933    0.6852       120\n    weighted avg     0.9130    0.8667    0.8565       120\n"
    }
  }
}