{
  "split": "test",
  "checkpoint": "/home/martina/Y3_Project/visuotactile/newOutput/singleModal/vision/standard/vision_standard_seed789/best_model.pth",
  "checkpoint_epoch": 22,
  "num_samples": 68,
  "loss": 0.26520663499832153,
  "mass": 0.9264705882352942,
  "stiffness": 1.0,
  "material": 0.9852941176470589,
  "summary": {
    "average_accuracy": 0.9705882352941178,
    "average_macro_f1": 0.9607241415084552,
    "average_weighted_f1": 0.9703386975705314
  },
  "tasks": {
    "mass": {
      "accuracy": 0.9264705882352942,
      "macro": {
        "precision": 0.9131944444444445,
        "recall": 0.901571546732837,
        "f1": 0.906878306878307
      },
      "weighted": {
        "precision": 0.9253982843137255,
        "recall": 0.9264705882352942,
        "f1": 0.9255835667600373
      },
      "per_class": {
        "low": {
          "precision": 0.90625,
          "recall": 0.9354838709677419,
          "f1": 0.9206349206349206,
          "support": 31
        },
        "medium": {
          "precision": 1.0,
          "recall": 1.0,
          "f1": 1.0,
          "support": 24
        },
        "high": {
          "precision": 0.8333333333333334,
          "recall": 0.7692307692307693,
          "f1": 0.8,
          "support": 13
        }
      },
      "classification_report": "              precision    recall  f1-score   support\n\n         low     0.9062    0.9355    0.9206        31\n      medium     1.0000    1.0000    1.0000        24\n        high     0.8333    0.7692    0.8000        13\n\n    accuracy                         0.9265        68\n   macro avg     0.9132    0.9016    0.9069        68\nweighted avg     0.9254    0.9265    0.9256        68\n"
    },
    "stiffness": {
      "accuracy": 1.0,
      "macro": {
        "precision": 1.0,
        "recall": 1.0,
        "f1": 1.0
      },
      "weighted": {
        "precision": 1.0,
        "recall": 1.0,
        "f1": 1.0
      },
      "per_class": {
        "soft": {
          "precision": 1.0,
          "recall": 1.0,
          "f1": 1.0,
          "support": 8
        },
        "medium": {
          "precision": 1.0,
          "recall": 1.0,
          "f1": 1.0,
          "support": 36
        },
        "rigid": {
          "precision": 1.0,
          "recall": 1.0,
          "f1": 1.0,
          "support": 24
        }
      },
      "classification_report": "              precision    recall  f1-score   support\n\n        soft     1.0000    1.0000    1.0000         8\n      medium     1.0000    1.0000    1.0000        36\n       rigid     1.0000    1.0000    1.0000        24\n\n    accuracy                         1.0000        68\n   macro avg     1.0000    1.0000    1.0000        68\nweighted avg     1.0000    1.0000    1.0000        68\n"
    },
    "material": {
      "accuracy": 0.9852941176470589,
      "macro": {
        "precision": 0.9722222222222222,
        "recall": 0.9807692307692308,
        "f1": 0.9752941176470589
      },
      "weighted": {
        "precision": 0.9869281045751634,
        "recall": 0.9852941176470589,
        "f1": 0.985432525951557
      },
      "per_class": {
        "sponge": {
          "precision": 0.8888888888888888,
          "recall": 1.0,
          "f1": 0.9411764705882353,
          "support": 8
        },
        "foam": {
          "precision": 1.0,
          "recall": 0.9230769230769231,
          "f1": 0.96,
          "support": 13
        },
        "wood": {
          "precision": 1.0,
          "recall": 1.0,
          "f1": 1.0,
          "support": 24
        },
        "container": {
          "precision": 1.0,
          "recall": 1.0,
          "f1": 1.0,
          "support": 23
        }
      },
      "classification_report": "              precision    recall  f1-score   support\n\n      sponge     0.8889    1.0000    0.9412         8\n        foam     1.0000    0.9231    0.9600        13\n        wood     1.0000    1.0000    1.0000        24\n   container     1.0000    1.0000    1.0000        23\n\n    accuracy                         0.9853        68\n   macro avg     0.9722    0.9808    0.9753        68\nweighted avg     0.9869    0.9853    0.9854        68\n"
    }
  }
}