{
  "split": "test",
  "checkpoint": "/home/martina/Y3_Project/visuotactile/outputs/tactile_seed2024/best_model.pth",
  "checkpoint_epoch": 34,
  "num_samples": 68,
  "loss": 0.6535559726659866,
  "mass": 0.9411764705882353,
  "stiffness": 0.9558823529411765,
  "material": 0.9705882352941176,
  "summary": {
    "average_accuracy": 0.9558823529411765,
    "average_macro_f1": 0.9462812711291413,
    "average_weighted_f1": 0.9555307924386792
  },
  "tasks": {
    "mass": {
      "accuracy": 0.9411764705882353,
      "macro": {
        "precision": 0.934375,
        "recall": 0.9391025641025641,
        "f1": 0.9348739495798319
      },
      "weighted": {
        "precision": 0.9452205882352942,
        "recall": 0.9411764705882353,
        "f1": 0.9415472071181414
      },
      "per_class": {
        "very_low": {
          "precision": 0.9375,
          "recall": 0.8333333333333334,
          "f1": 0.8823529411764706,
          "support": 18
        },
        "low": {
          "precision": 0.8,
          "recall": 0.9230769230769231,
          "f1": 0.8571428571428571,
          "support": 13
        },
        "medium": {
          "precision": 1.0,
          "recall": 1.0,
          "f1": 1.0,
          "support": 24
        },
        "high": {
          "precision": 1.0,
          "recall": 1.0,
          "f1": 1.0,
          "support": 13
        }
      },
      "classification_report": "              precision    recall  f1-score   support\n\n    very_low     0.9375    0.8333    0.8824        18\n         low     0.8000    0.9231    0.8571        13\n      medium     1.0000    1.0000    1.0000        24\n        high     1.0000    1.0000    1.0000        13\n\n    accuracy                         0.9412        68\n   macro avg     0.9344    0.9391    0.9349        68\nweighted avg     0.9452    0.9412    0.9415        68\n"
    },
    "stiffness": {
      "accuracy": 0.9558823529411765,
      "macro": {
        "precision": 0.953125,
        "recall": 0.925,
        "f1": 0.9300202839756593
      },
      "weighted": {
        "precision": 0.9641544117647058,
        "recall": 0.9558823529411765,
        "f1": 0.9542715666388258
      },
      "per_class": {
        "very_soft": {
          "precision": 1.0,
          "recall": 1.0,
          "f1": 1.0,
          "support": 8
        },
        "soft": {
          "precision": 1.0,
          "recall": 0.7,
          "f1": 0.8235294117647058,
          "support": 10
        },
        "medium": {
          "precision": 0.8125,
          "recall": 1.0,
          "f1": 0.896551724137931,
          "support": 13
        },
        "rigid": {
          "precision": 1.0,
          "recall": 1.0,
          "f1": 1.0,
          "support": 37
        }
      },
      "classification_report": "              precision    recall  f1-score   support\n\n   very_soft     1.0000    1.0000    1.0000         8\n        soft     1.0000    0.7000    0.8235        10\n      medium     0.8125    1.0000    0.8966        13\n       rigid     1.0000    1.0000    1.0000        37\n\n    accuracy                         0.9559        68\n   macro avg     0.9531    0.9250    0.9300        68\nweighted avg     0.9642    0.9559    0.9543        68\n"
    },
    "material": {
      "accuracy": 0.9705882352941176,
      "macro": {
        "precision": 0.9733333333333334,
        "recall": 0.9777777777777779,
        "f1": 0.9739495798319329
      },
      "weighted": {
        "precision": 0.9745098039215686,
        "recall": 0.9705882352941176,
        "f1": 0.9707736035590706
      },
      "per_class": {
        "sponge": {
          "precision": 1.0,
          "recall": 1.0,
          "f1": 1.0,
          "support": 8
        },
        "foam": {
          "precision": 0.8666666666666667,
          "recall": 1.0,
          "f1": 0.9285714285714286,
          "support": 13
        },
        "wood": {
          "precision": 1.0,
          "recall": 1.0,
          "f1": 1.0,
          "support": 24
        },
        "hollow_container": {
          "precision": 1.0,
          "recall": 1.0,
          "f1": 1.0,
          "support": 5
        },
        "filled_container": {
          "precision": 1.0,
          "recall": 0.8888888888888888,
          "f1": 0.9411764705882353,
          "support": 18
        }
      },
      "classification_report": "                  precision    recall  f1-score   support\n\n          sponge     1.0000    1.0000    1.0000         8\n            foam     0.8667    1.0000    0.9286        13\n            wood     1.0000    1.0000    1.0000        24\nhollow_container     1.0000    1.0000    1.0000         5\nfilled_container     1.0000    0.8889    0.9412        18\n\n        accuracy                         0.9706        68\n       macro avg     0.9733    0.9778    0.9739        68\n    weighted avg     0.9745    0.9706    0.9708        68\n"
    }
  }
}