{
  "split": "ood_test",
  "checkpoint": "/home/martina/Y3_Project/visuotactile/outputs/vision_seed123/best_model.pth",
  "checkpoint_epoch": 8,
  "num_samples": 120,
  "loss": 11.40527990659078,
  "mass": 0.25,
  "stiffness": 0.25833333333333336,
  "material": 0.25833333333333336,
  "summary": {
    "average_accuracy": 0.25555555555555554,
    "average_macro_f1": 0.13430230950301034,
    "average_weighted_f1": 0.1799531820126529
  },
  "tasks": {
    "mass": {
      "accuracy": 0.25,
      "macro": {
        "precision": 0.12096774193548387,
        "recall": 0.25,
        "f1": 0.16304347826086957
      },
      "weighted": {
        "precision": 0.12096774193548386,
        "recall": 0.25,
        "f1": 0.16304347826086957
      },
      "per_class": {
        "very_low": {
          "precision": 0.0,
          "recall": 0.0,
          "f1": 0.0,
          "support": 30
        },
        "low": {
          "precision": 0.0,
          "recall": 0.0,
          "f1": 0.0,
          "support": 30
        },
        "medium": {
          "precision": 0.4838709677419355,
          "recall": 1.0,
          "f1": 0.6521739130434783,
          "support": 30
        },
        "high": {
          "precision": 0.0,
          "recall": 0.0,
          "f1": 0.0,
          "support": 30
        }
      },
      "classification_report": "              precision    recall  f1-score   support\n\n    very_low     0.0000    0.0000    0.0000        30\n         low     0.0000    0.0000    0.0000        30\n      medium     0.4839    1.0000    0.6522        30\n        high     0.0000    0.0000    0.0000        30\n\n    accuracy                         0.2500       120\n   macro avg     0.1210    0.2500    0.1630       120\nweighted avg     0.1210    0.2500    0.1630       120\n"
    },
    "stiffness": {
      "accuracy": 0.25833333333333336,
      "macro": {
        "precision": 0.08516483516483517,
        "recall": 0.12916666666666668,
        "f1": 0.10264900662251655
      },
      "weighted": {
        "precision": 0.17032967032967034,
        "recall": 0.25833333333333336,
        "f1": 0.2052980132450331
      },
      "per_class": {
        "very_soft": {
          "precision": 0.0,
          "recall": 0.0,
          "f1": 0.0,
          "support": 30
        },
        "soft": {
          "precision": 0.0,
          "recall": 0.0,
          "f1": 0.0,
          "support": 0
        },
        "medium": {
          "precision": 0.0,
          "recall": 0.0,
          "f1": 0.0,
          "support": 30
        },
        "rigid": {
          "precision": 0.34065934065934067,
          "recall": 0.5166666666666667,
          "f1": 0.4105960264900662,
          "support": 60
        }
      },
      "classification_report": "              precision    recall  f1-score   support\n\n   very_soft     0.0000    0.0000    0.0000        30\n        soft     0.0000    0.0000    0.0000         0\n      medium     0.0000    0.0000    0.0000        30\n       rigid     0.3407    0.5167    0.4106        60\n\n    accuracy                         0.2583       120\n   macro avg     0.0852    0.1292    0.1026       120\nweighted avg     0.1703    0.2583    0.2053       120\n"
    },
    "material": {
      "accuracy": 0.25833333333333336,
      "macro": {
        "precision": 0.10367074527252503,
        "recall": 0.2066666666666667,
        "f1": 0.1372144436256448
      },
      "weighted": {
        "precision": 0.12958843159065628,
        "recall": 0.25833333333333336,
        "f1": 0.171518054532056
      },
      "per_class": {
        "sponge": {
          "precision": 0.0,
          "recall": 0.0,
          "f1": 0.0,
          "support": 30
        },
        "foam": {
          "precision": 0.0,
          "recall": 0.0,
          "f1": 0.0,
          "support": 30
        },
        "wood": {
          "precision": 0.4838709677419355,
          "recall": 1.0,
          "f1": 0.6521739130434783,
          "support": 30
        },
        "hollow_container": {
          "precision": 0.0,
          "recall": 0.0,
          "f1": 0.0,
          "support": 0
        },
        "filled_container": {
          "precision": 0.034482758620689655,
          "recall": 0.03333333333333333,
          "f1": 0.03389830508474576,
          "support": 30
        }
      },
      "classification_report": "                  precision    recall  f1-score   support\n\n          sponge     0.0000    0.0000    0.0000        30\n            foam     0.0000    0.0000    0.0000        30\n            wood     0.4839    1.0000    0.6522        30\nhollow_container     0.0000    0.0000    0.0000         0\nfilled_container     0.0345    0.0333    0.0339        30\n\n        accuracy                         0.2583       120\n       macro avg     0.1037    0.2067    0.1372       120\n    weighted avg     0.1296    0.2583    0.1715       120\n"
    }
  }
}