{
  "split": "test",
  "checkpoint": "/home/martina/Y3_Project/visuotactile/newOutput/singleModal/vision/standard/vision_standard_seed456/best_model.pth",
  "checkpoint_epoch": 28,
  "num_samples": 68,
  "loss": 0.20622634887695312,
  "mass": 0.9558823529411765,
  "stiffness": 0.9705882352941176,
  "material": 0.9852941176470589,
  "summary": {
    "average_accuracy": 0.9705882352941178,
    "average_macro_f1": 0.9584342638087415,
    "average_weighted_f1": 0.9711907688179738
  },
  "tasks": {
    "mass": {
      "accuracy": 0.9558823529411765,
      "macro": {
        "precision": 0.9412698412698414,
        "recall": 0.9528535980148884,
        "f1": 0.9465695203400122
      },
      "weighted": {
        "precision": 0.9574929971988795,
        "recall": 0.9558823529411765,
        "f1": 0.9563377263473695
      },
      "per_class": {
        "low": {
          "precision": 0.9666666666666667,
          "recall": 0.9354838709677419,
          "f1": 0.9508196721311475,
          "support": 31
        },
        "medium": {
          "precision": 1.0,
          "recall": 1.0,
          "f1": 1.0,
          "support": 24
        },
        "high": {
          "precision": 0.8571428571428571,
          "recall": 0.9230769230769231,
          "f1": 0.8888888888888888,
          "support": 13
        }
      },
      "classification_report": "              precision    recall  f1-score   support\n\n         low     0.9667    0.9355    0.9508        31\n      medium     1.0000    1.0000    1.0000        24\n        high     0.8571    0.9231    0.8889        13\n\n    accuracy                         0.9559        68\n   macro avg     0.9413    0.9529    0.9466        68\nweighted avg     0.9575    0.9559    0.9563        68\n"
    },
    "stiffness": {
      "accuracy": 0.9705882352941176,
      "macro": {
        "precision": 0.9333333333333332,
        "recall": 0.9814814814814815,
        "f1": 0.9534391534391534
      },
      "weighted": {
        "precision": 0.9764705882352942,
        "recall": 0.9705882352941176,
        "f1": 0.9718020541549952
      },
      "per_class": {
        "soft": {
          "precision": 0.8,
          "recall": 1.0,
          "f1": 0.8888888888888888,
          "support": 8
        },
        "medium": {
          "precision": 1.0,
          "recall": 0.9444444444444444,
          "f1": 0.9714285714285714,
          "support": 36
        },
        "rigid": {
          "precision": 1.0,
          "recall": 1.0,
          "f1": 1.0,
          "support": 24
        }
      },
      "classification_report": "              precision    recall  f1-score   support\n\n        soft     0.8000    1.0000    0.8889         8\n      medium     1.0000    0.9444    0.9714        36\n       rigid     1.0000    1.0000    1.0000        24\n\n    accuracy                         0.9706        68\n   macro avg     0.9333    0.9815    0.9534        68\nweighted avg     0.9765    0.9706    0.9718        68\n"
    },
    "material": {
      "accuracy": 0.9852941176470589,
      "macro": {
        "precision": 0.9722222222222222,
        "recall": 0.9807692307692308,
        "f1": 0.9752941176470589
      },
      "weighted": {
        "precision": 0.9869281045751634,
        "recall": 0.9852941176470589,
        "f1": 0.985432525951557
      },
      "per_class": {
        "sponge": {
          "precision": 0.8888888888888888,
          "recall": 1.0,
          "f1": 0.9411764705882353,
          "support": 8
        },
        "foam": {
          "precision": 1.0,
          "recall": 0.9230769230769231,
          "f1": 0.96,
          "support": 13
        },
        "wood": {
          "precision": 1.0,
          "recall": 1.0,
          "f1": 1.0,
          "support": 24
        },
        "container": {
          "precision": 1.0,
          "recall": 1.0,
          "f1": 1.0,
          "support": 23
        }
      },
      "classification_report": "              precision    recall  f1-score   support\n\n      sponge     0.8889    1.0000    0.9412         8\n        foam     1.0000    0.9231    0.9600        13\n        wood     1.0000    1.0000    1.0000        24\n   container     1.0000    1.0000    1.0000        23\n\n    accuracy                         0.9853        68\n   macro avg     0.9722    0.9808    0.9753        68\nweighted avg     0.9869    0.9853    0.9854        68\n"
    }
  }
}