{
  "split": "ood_test",
  "block_modality": "none",
  "checkpoint": "/home/martina/Y3_Project/visuotactile/newOutput/fusion_gating_online_v2_multiseed/fusion_gating_online_v2_seed456/best_model.pth",
  "checkpoint_epoch": 6,
  "num_samples": 150,
  "loss": 1.9678757747014364,
  "mass": 1.0,
  "stiffness": 1.0,
  "material": 0.8,
  "avg_gate_score": 0.9272855699062348,
  "summary": {
    "average_accuracy": 0.9333333333333332,
    "average_macro_f1": 0.9444444444444443,
    "average_weighted_f1": 0.9333333333333332
  },
  "gate_scores": [
    0.9338383078575134,
    0.9321346879005432,
    0.9306777715682983,
    0.9364200234413147,
    0.9309597015380859,
    0.9170024394989014,
    0.9044808149337769,
    0.928061842918396,
    0.9279934763908386,
    0.9249169230461121,
    0.9143367409706116,
    0.9083001613616943,
    0.9065221548080444,
    0.9132214188575745,
    0.90489661693573,
    0.9186362624168396,
    0.9347615242004395,
    0.9333470463752747,
    0.9099752902984619,
    0.931182324886322,
    0.902498185634613,
    0.918136477470398,
    0.919618546962738,
    0.9162356853485107,
    0.9301767349243164,
    0.9224227070808411,
    0.9237889647483826,
    0.9171678423881531,
    0.916709303855896,
    0.8983661532402039,
    0.9509309530258179,
    0.9547941088676453,
    0.9481999278068542,
    0.9393285512924194,
    0.953025221824646,
    0.9386205077171326,
    0.9429061412811279,
    0.9473385214805603,
    0.9405114650726318,
    0.9434220790863037,
    0.9452455639839172,
    0.934266209602356,
    0.9413843154907227,
    0.9500704407691956,
    0.9389023184776306,
    0.9386472702026367,
    0.9355648159980774,
    0.9328970313072205,
    0.9397745132446289,
    0.932417631149292,
    0.942025899887085,
    0.9394828081130981,
    0.9509474635124207,
    0.9439290761947632,
    0.9338841438293457,
    0.9482164978981018,
    0.9452177286148071,
    0.9523441195487976,
    0.9521698951721191,
    0.9379280209541321,
    0.9137395620346069,
    0.9107658267021179,
    0.9154734015464783,
    0.9043327569961548,
    0.9142974019050598,
    0.9083183407783508,
    0.9202368855476379,
    0.8967489004135132,
    0.9096419215202332,
    0.9058077931404114,
    0.9250028729438782,
    0.9209781885147095,
    0.9231438040733337,
    0.9134117364883423,
    0.9139785170555115,
    0.9001500606536865,
    0.9065403938293457,
    0.915734589099884,
    0.9139291048049927,
    0.9041193127632141,
    0.903788685798645,
    0.9109008312225342,
    0.9234140515327454,
    0.9194633364677429,
    0.9060695767402649,
    0.9121023416519165,
    0.9042271971702576,
    0.8989023566246033,
    0.9062408804893494,
    0.8991609811782837,
    0.9359798431396484,
    0.9403419494628906,
    0.9464089274406433,
    0.9471907019615173,
    0.9402992725372314,
    0.9396840333938599,
    0.9406701922416687,
    0.9520437717437744,
    0.9334176182746887,
    0.9484900236129761,
    0.9332900643348694,
    0.9258053302764893,
    0.9341857433319092,
    0.9441869258880615,
    0.9322004318237305,
    0.9279547333717346,
    0.9426055550575256,
    0.9300606846809387,
    0.9388352036476135,
    0.9440299868583679,
    0.951959490776062,
    0.9483910799026489,
    0.9411634802818298,
    0.9464073181152344,
    0.9331403374671936,
    0.9448634386062622,
    0.9414910674095154,
    0.9418555498123169,
    0.9382674098014832,
    0.9436073303222656,
    0.9153933525085449,
    0.9254755973815918,
    0.9303644895553589,
    0.9293280243873596,
    0.9151484966278076,
    0.919011652469635,
    0.9240419268608093,
    0.917349100112915,
    0.9252967238426208,
    0.9258286952972412,
    0.9371873140335083,
    0.9304956197738647,
    0.9138962626457214,
    0.915351927280426,
    0.9331073760986328,
    0.9239434003829956,
    0.9358859658241272,
    0.9271804690361023,
    0.9202013611793518,
    0.9299969673156738,
    0.924405038356781,
    0.9051299691200256,
    0.9070829749107361,
    0.9255165457725525,
    0.9014257192611694,
    0.91475510597229,
    0.9184122085571289,
    0.9216183423995972,
    0.9271751642227173,
    0.9222012162208557
  ],
  "tasks": {
    "mass": {
      "accuracy": 1.0,
      "macro": {
        "precision": 1.0,
        "recall": 1.0,
        "f1": 1.0
      },
      "weighted": {
        "precision": 1.0,
        "recall": 1.0,
        "f1": 1.0
      },
      "per_class": {
        "low": {
          "precision": 1.0,
          "recall": 1.0,
          "f1": 1.0,
          "support": 90
        },
        "medium": {
          "precision": 1.0,
          "recall": 1.0,
          "f1": 1.0,
          "support": 30
        },
        "high": {
          "precision": 1.0,
          "recall": 1.0,
          "f1": 1.0,
          "support": 30
        }
      },
      "classification_report": "              precision    recall  f1-score   support\n\n         low     1.0000    1.0000    1.0000        90\n      medium     1.0000    1.0000    1.0000        30\n        high     1.0000    1.0000    1.0000        30\n\n    accuracy                         1.0000       150\n   macro avg     1.0000    1.0000    1.0000       150\nweighted avg     1.0000    1.0000    1.0000       150\n"
    },
    "stiffness": {
      "accuracy": 1.0,
      "macro": {
        "precision": 1.0,
        "recall": 1.0,
        "f1": 1.0
      },
      "weighted": {
        "precision": 1.0,
        "recall": 1.0,
        "f1": 1.0
      },
      "per_class": {
        "soft": {
          "precision": 1.0,
          "recall": 1.0,
          "f1": 1.0,
          "support": 30
        },
        "medium": {
          "precision": 1.0,
          "recall": 1.0,
          "f1": 1.0,
          "support": 90
        },
        "rigid": {
          "precision": 1.0,
          "recall": 1.0,
          "f1": 1.0,
          "support": 30
        }
      },
      "classification_report": "              precision    recall  f1-score   support\n\n        soft     1.0000    1.0000    1.0000        30\n      medium     1.0000    1.0000    1.0000        90\n       rigid     1.0000    1.0000    1.0000        30\n\n    accuracy                         1.0000       150\n   macro avg     1.0000    1.0000    1.0000       150\nweighted avg     1.0000    1.0000    1.0000       150\n"
    },
    "material": {
      "accuracy": 0.8,
      "macro": {
        "precision": 0.875,
        "recall": 0.875,
        "f1": 0.8333333333333333
      },
      "weighted": {
        "precision": 0.9,
        "recall": 0.8,
        "f1": 0.8
      },
      "per_class": {
        "sponge": {
          "precision": 1.0,
          "recall": 1.0,
          "f1": 1.0,
          "support": 30
        },
        "foam": {
          "precision": 0.5,
          "recall": 1.0,
          "f1": 0.6666666666666666,
          "support": 30
        },
        "wood": {
          "precision": 1.0,
          "recall": 1.0,
          "f1": 1.0,
          "support": 30
        },
        "container": {
          "precision": 1.0,
          "recall": 0.5,
          "f1": 0.6666666666666666,
          "support": 60
        }
      },
      "classification_report": "              precision    recall  f1-score   support\n\n      sponge     1.0000    1.0000    1.0000        30\n        foam     0.5000    1.0000    0.6667        30\n        wood     1.0000    1.0000    1.0000        30\n   container     1.0000    0.5000    0.6667        60\n\n    accuracy                         0.8000       150\n   macro avg     0.8750    0.8750    0.8333       150\nweighted avg     0.9000    0.8000    0.8000       150\n"
    }
  }
}