{
  "split": "test",
  "block_modality": "none",
  "checkpoint": "/home/martina/Y3_Project/visuotactile/newOutput/fusion_gating_online_v2_multiseed/fusion_gating_online_v2_seed123/best_model.pth",
  "checkpoint_epoch": 7,
  "num_samples": 68,
  "loss": 1.2014474027297075,
  "mass": 1.0,
  "stiffness": 1.0,
  "material": 1.0,
  "avg_gate_score": 0.7807765664423213,
  "summary": {
    "average_accuracy": 1.0,
    "average_macro_f1": 1.0,
    "average_weighted_f1": 1.0
  },
  "gate_scores": [
    0.6288366317749023,
    0.631915807723999,
    0.6507956385612488,
    0.6768075227737427,
    0.6769878268241882,
    0.5973647832870483,
    0.593307614326477,
    0.6895530223846436,
    0.657383143901825,
    0.6121748685836792,
    0.806811511516571,
    0.7561591267585754,
    0.7723203897476196,
    0.7579799890518188,
    0.7889992594718933,
    0.7550457119941711,
    0.7861328125,
    0.779591977596283,
    0.6205165386199951,
    0.617328405380249,
    0.6834068298339844,
    0.7590413093566895,
    0.6957066059112549,
    0.8193299174308777,
    0.8154745101928711,
    0.7925335168838501,
    0.7879493236541748,
    0.8087512850761414,
    0.8082733154296875,
    0.7853625416755676,
    0.777690589427948,
    0.8314613699913025,
    0.8160098195075989,
    0.8026630282402039,
    0.8193674683570862,
    0.8428176045417786,
    0.8132882714271545,
    0.8217161893844604,
    0.8651859164237976,
    0.8367536067962646,
    0.8344774842262268,
    0.8302519917488098,
    0.8297836184501648,
    0.8019564747810364,
    0.7752397656440735,
    0.8669538497924805,
    0.8285679817199707,
    0.8288686871528625,
    0.827852189540863,
    0.8600763082504272,
    0.8236678242683411,
    0.819413959980011,
    0.8195285201072693,
    0.8240365386009216,
    0.8440564870834351,
    0.8271599411964417,
    0.839526355266571,
    0.830106258392334,
    0.8050668239593506,
    0.7933959364891052,
    0.8316856622695923,
    0.8217102289199829,
    0.8296559453010559,
    0.8787304759025574,
    0.8595242500305176,
    0.8498162627220154,
    0.8401911854743958,
    0.8327099084854126
  ],
  "tasks": {
    "mass": {
      "accuracy": 1.0,
      "macro": {
        "precision": 1.0,
        "recall": 1.0,
        "f1": 1.0
      },
      "weighted": {
        "precision": 1.0,
        "recall": 1.0,
        "f1": 1.0
      },
      "per_class": {
        "low": {
          "precision": 1.0,
          "recall": 1.0,
          "f1": 1.0,
          "support": 31
        },
        "medium": {
          "precision": 1.0,
          "recall": 1.0,
          "f1": 1.0,
          "support": 24
        },
        "high": {
          "precision": 1.0,
          "recall": 1.0,
          "f1": 1.0,
          "support": 13
        }
      },
      "classification_report": "              precision    recall  f1-score   support\n\n         low     1.0000    1.0000    1.0000        31\n      medium     1.0000    1.0000    1.0000        24\n        high     1.0000    1.0000    1.0000        13\n\n    accuracy                         1.0000        68\n   macro avg     1.0000    1.0000    1.0000        68\nweighted avg     1.0000    1.0000    1.0000        68\n"
    },
    "stiffness": {
      "accuracy": 1.0,
      "macro": {
        "precision": 1.0,
        "recall": 1.0,
        "f1": 1.0
      },
      "weighted": {
        "precision": 1.0,
        "recall": 1.0,
        "f1": 1.0
      },
      "per_class": {
        "soft": {
          "precision": 1.0,
          "recall": 1.0,
          "f1": 1.0,
          "support": 8
        },
        "medium": {
          "precision": 1.0,
          "recall": 1.0,
          "f1": 1.0,
          "support": 36
        },
        "rigid": {
          "precision": 1.0,
          "recall": 1.0,
          "f1": 1.0,
          "support": 24
        }
      },
      "classification_report": "              precision    recall  f1-score   support\n\n        soft     1.0000    1.0000    1.0000         8\n      medium     1.0000    1.0000    1.0000        36\n       rigid     1.0000    1.0000    1.0000        24\n\n    accuracy                         1.0000        68\n   macro avg     1.0000    1.0000    1.0000        68\nweighted avg     1.0000    1.0000    1.0000        68\n"
    },
    "material": {
      "accuracy": 1.0,
      "macro": {
        "precision": 1.0,
        "recall": 1.0,
        "f1": 1.0
      },
      "weighted": {
        "precision": 1.0,
        "recall": 1.0,
        "f1": 1.0
      },
      "per_class": {
        "sponge": {
          "precision": 1.0,
          "recall": 1.0,
          "f1": 1.0,
          "support": 8
        },
        "foam": {
          "precision": 1.0,
          "recall": 1.0,
          "f1": 1.0,
          "support": 13
        },
        "wood": {
          "precision": 1.0,
          "recall": 1.0,
          "f1": 1.0,
          "support": 24
        },
        "container": {
          "precision": 1.0,
          "recall": 1.0,
          "f1": 1.0,
          "support": 23
        }
      },
      "classification_report": "              precision    recall  f1-score   support\n\n      sponge     1.0000    1.0000    1.0000         8\n        foam     1.0000    1.0000    1.0000        13\n        wood     1.0000    1.0000    1.0000        24\n   container     1.0000    1.0000    1.0000        23\n\n    accuracy                         1.0000        68\n   macro avg     1.0000    1.0000    1.0000        68\nweighted avg     1.0000    1.0000    1.0000        68\n"
    }
  }
}