{
  "split": "ood_test",
  "checkpoint": "outputs/tactile_model_clean/best_model.pth",
  "checkpoint_epoch": 33,
  "num_samples": 120,
  "loss": 2.9967857371394833,
  "mass": 0.8083333333333333,
  "stiffness": 0.8083333333333333,
  "material": 0.8083333333333333,
  "summary": {
    "average_accuracy": 0.8083333333333332,
    "average_macro_f1": 0.6671439707584286,
    "average_weighted_f1": 0.8031039567184145
  },
  "tasks": {
    "mass": {
      "accuracy": 0.8083333333333333,
      "macro": {
        "precision": 0.8915094339622641,
        "recall": 0.8083333333333333,
        "f1": 0.7753174861608596
      },
      "weighted": {
        "precision": 0.8915094339622641,
        "recall": 0.8083333333333333,
        "f1": 0.7753174861608597
      },
      "per_class": {
        "very_low": {
          "precision": 0.5660377358490566,
          "recall": 1.0,
          "f1": 0.7228915662650602,
          "support": 30
        },
        "low": {
          "precision": 1.0,
          "recall": 0.23333333333333334,
          "f1": 0.3783783783783784,
          "support": 30
        },
        "medium": {
          "precision": 1.0,
          "recall": 1.0,
          "f1": 1.0,
          "support": 30
        },
        "high": {
          "precision": 1.0,
          "recall": 1.0,
          "f1": 1.0,
          "support": 30
        }
      },
      "classification_report": "              precision    recall  f1-score   support\n\n    very_low     0.5660    1.0000    0.7229        30\n         low     1.0000    0.2333    0.3784        30\n      medium     1.0000    1.0000    1.0000        30\n        high     1.0000    1.0000    1.0000        30\n\n    accuracy                         0.8083       120\n   macro avg     0.8915    0.8083    0.7753       120\nweighted avg     0.8915    0.8083    0.7753       120\n"
    },
    "stiffness": {
      "accuracy": 0.8083333333333333,
      "macro": {
        "precision": 0.75,
        "recall": 0.5583333333333333,
        "f1": 0.5945945945945946
      },
      "weighted": {
        "precision": 1.0,
        "recall": 0.8083333333333333,
        "f1": 0.8445945945945946
      },
      "per_class": {
        "very_soft": {
          "precision": 1.0,
          "recall": 1.0,
          "f1": 1.0,
          "support": 30
        },
        "soft": {
          "precision": 0.0,
          "recall": 0.0,
          "f1": 0.0,
          "support": 0
        },
        "medium": {
          "precision": 1.0,
          "recall": 0.23333333333333334,
          "f1": 0.3783783783783784,
          "support": 30
        },
        "rigid": {
          "precision": 1.0,
          "recall": 1.0,
          "f1": 1.0,
          "support": 60
        }
      },
      "classification_report": "              precision    recall  f1-score   support\n\n   very_soft     1.0000    1.0000    1.0000        30\n        soft     0.0000    0.0000    0.0000         0\n      medium     1.0000    0.2333    0.3784        30\n       rigid     1.0000    1.0000    1.0000        60\n\n    accuracy                         0.8083       120\n   macro avg     0.7500    0.5583    0.5946       120\nweighted avg     1.0000    0.8083    0.8446       120\n"
    },
    "material": {
      "accuracy": 0.8083333333333333,
      "macro": {
        "precision": 0.727659574468085,
        "recall": 0.6466666666666667,
        "f1": 0.6315198315198316
      },
      "weighted": {
        "precision": 0.9095744680851063,
        "recall": 0.8083333333333333,
        "f1": 0.7893997893997894
      },
      "per_class": {
        "sponge": {
          "precision": 1.0,
          "recall": 1.0,
          "f1": 1.0,
          "support": 30
        },
        "foam": {
          "precision": 1.0,
          "recall": 0.23333333333333334,
          "f1": 0.3783783783783784,
          "support": 30
        },
        "wood": {
          "precision": 1.0,
          "recall": 1.0,
          "f1": 1.0,
          "support": 30
        },
        "hollow_container": {
          "precision": 0.0,
          "recall": 0.0,
          "f1": 0.0,
          "support": 0
        },
        "filled_container": {
          "precision": 0.6382978723404256,
          "recall": 1.0,
          "f1": 0.7792207792207793,
          "support": 30
        }
      },
      "classification_report": "                  precision    recall  f1-score   support\n\n          sponge     1.0000    1.0000    1.0000        30\n            foam     1.0000    0.2333    0.3784        30\n            wood     1.0000    1.0000    1.0000        30\nhollow_container     0.0000    0.0000    0.0000         0\nfilled_container     0.6383    1.0000    0.7792        30\n\n        accuracy                         0.8083       120\n       macro avg     0.7277    0.6467    0.6315       120\n    weighted avg     0.9096    0.8083    0.7894       120\n"
    }
  }
}