{
  "split": "ood_test",
  "block_modality": "none",
  "checkpoint": "/home/martina/Y3_Project/visuotactile/newOutput_hollow2_only_earlystop/fusion_gating_online_v2_multiseed/fusion_gating_online_v2_seed456/best_model.pth",
  "checkpoint_epoch": 7,
  "num_samples": 150,
  "loss": 1.9741519101460774,
  "mass": 1.0,
  "stiffness": 0.9266666666666666,
  "material": 0.84,
  "avg_gate_score": 0.871763205130895,
  "summary": {
    "average_accuracy": 0.9222222222222222,
    "average_macro_f1": 0.9047298834346232,
    "average_weighted_f1": 0.9109816595073711
  },
  "gate_scores": [
    0.8514212965965271,
    0.8384511470794678,
    0.8377816677093506,
    0.8555851578712463,
    0.8391988277435303,
    0.852331817150116,
    0.8104661703109741,
    0.8338805437088013,
    0.8271629810333252,
    0.8063451647758484,
    0.8150412440299988,
    0.8359753489494324,
    0.7856483459472656,
    0.8576973080635071,
    0.8507066369056702,
    0.85185706615448,
    0.8769095540046692,
    0.8410071134567261,
    0.7604814767837524,
    0.8598672747612,
    0.7546407580375671,
    0.8254215121269226,
    0.8447893857955933,
    0.8813468217849731,
    0.7817074060440063,
    0.8091272115707397,
    0.7847423553466797,
    0.8716534376144409,
    0.8458219170570374,
    0.7564287781715393,
    0.8998286724090576,
    0.9069144129753113,
    0.8885502815246582,
    0.9258831739425659,
    0.9149779081344604,
    0.9261243939399719,
    0.9189216494560242,
    0.9213839173316956,
    0.9397376179695129,
    0.9404955506324768,
    0.925678551197052,
    0.9088464379310608,
    0.929042398929596,
    0.9422704577445984,
    0.9186925292015076,
    0.9264262318611145,
    0.9327139258384705,
    0.9098979830741882,
    0.9163551330566406,
    0.9164220690727234,
    0.9248104691505432,
    0.9280267357826233,
    0.9296438694000244,
    0.9285987019538879,
    0.9301487803459167,
    0.9359138607978821,
    0.9214204549789429,
    0.9347499012947083,
    0.9258288145065308,
    0.9117990732192993,
    0.8549544811248779,
    0.8067068457603455,
    0.8651536703109741,
    0.8521720767021179,
    0.8601810932159424,
    0.8191252946853638,
    0.8858194947242737,
    0.8215575814247131,
    0.8709375262260437,
    0.857998788356781,
    0.8568795323371887,
    0.8639198541641235,
    0.838305652141571,
    0.8437536358833313,
    0.8118982911109924,
    0.865053117275238,
    0.8354003429412842,
    0.8771330714225769,
    0.8317269086837769,
    0.8600199818611145,
    0.8639154434204102,
    0.8408355712890625,
    0.8599309921264648,
    0.8364574909210205,
    0.8284390568733215,
    0.8505268692970276,
    0.871708333492279,
    0.8185868859291077,
    0.8383561372756958,
    0.8033572435379028,
    0.8489345908164978,
    0.8665022253990173,
    0.8992716073989868,
    0.909406840801239,
    0.9004619121551514,
    0.8775502443313599,
    0.9019041657447815,
    0.9001785516738892,
    0.8919163346290588,
    0.9043930172920227,
    0.8619405627250671,
    0.8783643841743469,
    0.8604124784469604,
    0.8718010783195496,
    0.8868966102600098,
    0.8832147717475891,
    0.8810979723930359,
    0.8816148638725281,
    0.9055505990982056,
    0.8788931369781494,
    0.9173657298088074,
    0.8945482969284058,
    0.8989533185958862,
    0.9066326022148132,
    0.900910496711731,
    0.909938633441925,
    0.8851572871208191,
    0.9000851511955261,
    0.8896751403808594,
    0.8966034054756165,
    0.8832396864891052,
    0.8938454389572144,
    0.8966630101203918,
    0.8916618227958679,
    0.8636002540588379,
    0.886212944984436,
    0.8811646103858948,
    0.8955972194671631,
    0.8735541701316833,
    0.8748374581336975,
    0.8844389319419861,
    0.8802940249443054,
    0.8387430310249329,
    0.8784851431846619,
    0.8674642443656921,
    0.8749507665634155,
    0.8686425685882568,
    0.8239238858222961,
    0.8693252801895142,
    0.8546110391616821,
    0.8811975717544556,
    0.8775739073753357,
    0.8749555945396423,
    0.8731220960617065,
    0.8441647887229919,
    0.8628891706466675,
    0.8412297964096069,
    0.8621557354927063,
    0.8767090439796448,
    0.8846405744552612
  ],
  "tasks": {
    "mass": {
      "accuracy": 1.0,
      "macro": {
        "precision": 1.0,
        "recall": 1.0,
        "f1": 1.0
      },
      "weighted": {
        "precision": 1.0,
        "recall": 1.0,
        "f1": 1.0
      },
      "per_class": {
        "low": {
          "precision": 1.0,
          "recall": 1.0,
          "f1": 1.0,
          "support": 90
        },
        "medium": {
          "precision": 1.0,
          "recall": 1.0,
          "f1": 1.0,
          "support": 30
        },
        "high": {
          "precision": 1.0,
          "recall": 1.0,
          "f1": 1.0,
          "support": 30
        }
      },
      "classification_report": "              precision    recall  f1-score   support\n\n         low     1.0000    1.0000    1.0000        90\n      medium     1.0000    1.0000    1.0000        30\n        high     1.0000    1.0000    1.0000        30\n\n    accuracy                         1.0000       150\n   macro avg     1.0000    1.0000    1.0000       150\nweighted avg     1.0000    1.0000    1.0000       150\n"
    },
    "stiffness": {
      "accuracy": 0.9266666666666666,
      "macro": {
        "precision": 0.923992673992674,
        "recall": 0.9083333333333333,
        "f1": 0.9062233589087809
      },
      "weighted": {
        "precision": 0.9391941391941392,
        "recall": 0.9266666666666666,
        "f1": 0.9249786871270248
      },
      "per_class": {
        "very_soft": {
          "precision": 1.0,
          "recall": 1.0,
          "f1": 1.0,
          "support": 30
        },
        "soft": {
          "precision": 0.9523809523809523,
          "recall": 0.6666666666666666,
          "f1": 0.7843137254901961,
          "support": 30
        },
        "medium": {
          "precision": 0.7435897435897436,
          "recall": 0.9666666666666667,
          "f1": 0.8405797101449275,
          "support": 30
        },
        "rigid": {
          "precision": 1.0,
          "recall": 1.0,
          "f1": 1.0,
          "support": 60
        }
      },
      "classification_report": "              precision    recall  f1-score   support\n\n   very_soft     1.0000    1.0000    1.0000        30\n        soft     0.9524    0.6667    0.7843        30\n      medium     0.7436    0.9667    0.8406        30\n       rigid     1.0000    1.0000    1.0000        60\n\n    accuracy                         0.9267       150\n   macro avg     0.9240    0.9083    0.9062       150\nweighted avg     0.9392    0.9267    0.9250       150\n"
    },
    "material": {
      "accuracy": 0.84,
      "macro": {
        "precision": 0.9067559342665856,
        "recall": 0.8400000000000001,
        "f1": 0.8079662913950887
      },
      "weighted": {
        "precision": 0.9067559342665855,
        "recall": 0.84,
        "f1": 0.8079662913950886
      },
      "per_class": {
        "sponge": {
          "precision": 1.0,
          "recall": 1.0,
          "f1": 1.0,
          "support": 30
        },
        "foam": {
          "precision": 0.5660377358490566,
          "recall": 1.0,
          "f1": 0.7228915662650602,
          "support": 30
        },
        "wood": {
          "precision": 0.967741935483871,
          "recall": 1.0,
          "f1": 0.9836065573770492,
          "support": 30
        },
        "hollow_container": {
          "precision": 1.0,
          "recall": 0.2,
          "f1": 0.3333333333333333,
          "support": 30
        },
        "filled_container": {
          "precision": 1.0,
          "recall": 1.0,
          "f1": 1.0,
          "support": 30
        }
      },