{
  "train_loss": [
    4.5757575035095215,
    4.427500247955322,
    4.202446699142456,
    3.9900795221328735,
    3.8564432859420776,
    3.68155574798584,
    3.458040714263916,
    3.1940196752548218,
    2.952268600463867,
    2.7256293296813965,
    2.5001001358032227,
    2.277145266532898,
    2.1256184577941895,
    1.9801886677742004,
    1.8335763812065125,
    1.6688783764839172,
    1.5219746828079224,
    1.3840465545654297,
    1.2567189931869507,
    1.1520445346832275,
    1.036497414112091,
    0.9362147450447083,
    0.8486429452896118,
    0.7809760570526123,
    0.7231316864490509,
    0.662372499704361,
    0.6201303899288177,
    0.5842852294445038,
    0.5451285243034363,
    0.5071060955524445,
    0.4804422855377197,
    0.46121320128440857,
    0.43066801130771637,
    0.4227071702480316,
    0.39897483587265015,
    0.38709093630313873,
    0.3770349323749542,
    0.365444153547287,
    0.35577595233917236,
    0.35059723258018494,
    0.3422608971595764,
    0.34584639966487885,
    0.3382977247238159,
    0.3341468423604965,
    0.3350949287414551,
    0.3313523381948471,
    0.3246210962533951,
    0.3231555223464966,
    0.32740554213523865,
    0.3225596845149994
  ],
  "val_loss": [
    4.512669563293457,
    4.331447601318359,
    4.134344577789307,
    3.992469310760498,
    3.9187521934509277,
    3.851942539215088,
    3.7332074642181396,
    3.546074628829956,
    3.2582664489746094,
    2.9219822883605957,
    2.628944158554077,
    2.342604637145996,
    2.1584396362304688,
    1.9339017868041992,
    1.7466399669647217,
    1.594828724861145,
    1.4278713464736938,
    1.2784780263900757,
    1.1458734273910522,
    1.0350282192230225,
    0.9357117414474487,
    0.8488990068435669,
    0.7747033834457397,
    0.7138562798500061,
    0.6658552885055542,
    0.6219170093536377,
    0.5837534666061401,
    0.5458442568778992,
    0.5104507207870483,
    0.4829048216342926,
    0.46087875962257385,
    0.4406234323978424,
    0.4212587773799896,
    0.4044089913368225,
    0.38976603746414185,
    0.3788670301437378,
    0.37127935886383057,
    0.3638705015182495,
    0.357704758644104,
    0.35187166929244995,
    0.34621161222457886,
    0.34233546257019043,
    0.3393350839614868,
    0.3366243541240692,
    0.3354003429412842,
    0.3346558213233948,
    0.3338928520679474,
    0.3336704969406128,
    0.3337835967540741,
    0.33354949951171875
  ],
  "train_acc_mass": [
    0.208984375,
    0.197265625,
    0.328125,
    0.36328125,
    0.36328125,
    0.5390625,
    0.734375,
    0.76171875,
    0.80859375,
    0.8359375,
    0.826171875,
    0.8671875,
    0.88671875,
    0.888671875,
    0.9453125,
    0.970703125,
    0.994140625,
    0.99609375,
    0.99609375,
    0.9921875,
    0.998046875,
    1.0,
    1.0,
    1.0,
    1.0,
    1.0,
    1.0,
    1.0,
    1.0,
    1.0,
    1.0,
    1.0,
    1.0,
    1.0,
    1.0,
    1.0,
    1.0,
    1.0,
    1.0,
    1.0,
    1.0,
    1.0,
    1.0,
    1.0,
    1.0,
    1.0,
    1.0,
    1.0,
    1.0,
    1.0
  ],
  "val_acc_mass": [
    0.15441176470588236,
    0.15441176470588236,
    0.38235294117647056,
    0.38235294117647056,
    0.38235294117647056,
    0.5588235294117647,
    0.5220588235294118,
    0.6470588235294118,
    0.7794117647058824,
    0.7426470588235294,
    0.7794117647058824,
    0.8602941176470589,
    0.8602941176470589,
    0.9485294117647058,
    0.9926470588235294,
    1.0,
    1.0,
    1.0,
    1.0,
    1.0,
    1.0,
    1.0,
    1.0,
    1.0,
    1.0,
    0.9926470588235294,
    0.9926470588235294,
    0.9926470588235294,
    0.9926470588235294,
    0.9926470588235294,
    0.9926470588235294,
    0.9926470588235294,
    0.9926470588235294,
    0.9926470588235294,
    0.9926470588235294,
    0.9926470588235294,
    0.9926470588235294,
    0.9926470588235294,
    0.9926470588235294,
    0.9926470588235294,
    0.9926470588235294,
    0.9926470588235294,
    0.9926470588235294,
    0.9926470588235294,
    0.9926470588235294,
    0.9926470588235294,
    0.9926470588235294,
    0.9926470588235294,
    0.9926470588235294,
    0.9926470588235294
  ],
  "train_acc_stiffness": [
    0.20703125,
    0.21875,
    0.529296875,
    0.548828125,
    0.54296875,
    0.54296875,
    0.54296875,
    0.544921875,
    0.66015625,
    0.779296875,
    0.783203125,
    0.837890625,
    0.84765625,
    0.880859375,
    0.908203125,
    0.939453125,
    0.966796875,
    0.998046875,
    1.0,
    0.998046875,
    0.998046875,
    0.998046875,
    1.0,
    1.0,
    1.0,
    1.0,
    1.0,
    1.0,
    1.0,
    1.0,
    1.0,
    1.0,
    1.0,
    1.0,
    1.0,
    1.0,
    1.0,
    1.0,
    1.0,
    1.0,
    1.0,
    1.0,
    1.0,
    1.0,
    1.0,
    1.0,
    1.0,
    1.0,
    1.0,
    1.0
  ],
  "val_acc_stiffness": [
    0.18382352941176472,
    0.5367647058823529,
    0.5367647058823529,
    0.5367647058823529,
    0.5367647058823529,
    0.5367647058823529,
    0.5367647058823529,
    0.5367647058823529,
    0.5367647058823529,
    0.5441176470588235,
    0.5955882352941176,
    0.7205882352941176,
    0.7205882352941176,
    0.8602941176470589,
    0.9558823529411765,
    0.9705882352941176,
    0.9926470588235294,
    1.0,
    1.0,
    1.0,
    1.0,
    1.0,
    1.0,
    1.0,
    1.0,
    1.0,
    0.9926470588235294,
    0.9926470588235294,
    0.9926470588235294,
    0.9926470588235294,
    0.9926470588235294,
    0.9926470588235294,
    0.9926470588235294,
    0.9926470588235294,
    0.9926470588235294,
    0.9926470588235294,
    0.9926470588235294,
    0.9926470588235294,
    0.9926470588235294,
    0.9926470588235294,
    0.9926470588235294,
    0.9926470588235294,
    0.9926470588235294,
    0.9926470588235294,
    0.9926470588235294,
    0.9926470588235294,
    0.9926470588235294,
    0.9926470588235294,
    0.9926470588235294,
    0.9926470588235294
  ],
  "train_acc_material": [
    0.11328125,
    0.138671875,
    0.37109375,
    0.353515625,
    0.365234375,
    0.509765625,
    0.541015625,
    0.544921875,
    0.5546875,
    0.5546875,
    0.591796875,
    0.744140625,
    0.8125,
    0.83203125,
    0.841796875,
    0.880859375,
    0.880859375,
    0.912109375,
    0.943359375,
    0.9453125,
    0.9453125,
    0.955078125,
    0.962890625,
    0.962890625,
    0.955078125,
    0.9609375,
    0.955078125,
    0.9609375,
    0.962890625,
    0.978515625,
    0.978515625,
    0.98046875,
    0.99609375,
    0.98046875,
    0.994140625,
    0.98828125,
    0.990234375,
    0.986328125,
    0.994140625,
    0.994140625,
    0.994140625,
    0.99609375,
    0.986328125,
    0.994140625,
    0.990234375,
    0.998046875,
    0.998046875,
    0.9921875,
    0.994140625,
    0.99609375
  ],
  "val_acc_material": [
    0.125,
    0.15441176470588236,
    0.38235294117647056,
    0.38235294117647056,
    0.38235294117647056,
    0.38235294117647056,
    0.38235294117647056,
    0.41911764705882354,
    0.5367647058823529,
    0.5367647058823529,
    0.5367647058823529,
    0.5588235294117647,
    0.7941176470588235,
    0.8308823529411765,
    0.8455882352941176,
    0.8529411764705882,
    0.8823529411764706,
    0.9264705882352942,
    0.9485294117647058,
    0.9705882352941176,
    0.9705882352941176,
    0.9705882352941176,
    0.9632352941176471,
    0.9632352941176471,
    0.9411764705882353,
    0.9411764705882353,
    0.9558823529411765,
    0.9632352941176471,
    0.9632352941176471,
    0.9632352941176471,
    0.9852941176470589,
    0.9852941176470589,
    0.9852941176470589,
    0.9852941176470589,
    0.9852941176470589,
    0.9852941176470589,
    0.9852941176470589,
    0.9852941176470589,
    0.9852941176470589,
    0.9852941176470589,
    0.9852941176470589,
    0.9852941176470589,
    0.9852941176470589,
    0.9852941176470589,
    0.9852941176470589,
    0.9852941176470589,
    0.9852941176470589,
    0.9852941176470589,
    0.9852941176470589,
    0.9852941176470589
  ],