{
  "split": "test",
  "checkpoint": "/home/martina/Y3_Project/visuotactile/outputs/tactile_seed123/best_model.pth",
  "checkpoint_epoch": 30,
  "num_samples": 68,
  "loss": 0.4118851709234364,
  "mass": 0.9705882352941176,
  "stiffness": 0.9705882352941176,
  "material": 0.9558823529411765,
  "summary": {
    "average_accuracy": 0.9656862745098039,
    "average_macro_f1": 0.9568269421210598,
    "average_weighted_f1": 0.9658930714294036
  },
  "tasks": {
    "mass": {
      "accuracy": 0.9705882352941176,
      "macro": {
        "precision": 0.9668803418803419,
        "recall": 0.9668803418803419,
        "f1": 0.9668803418803419
      },
      "weighted": {
        "precision": 0.9705882352941176,
        "recall": 0.9705882352941176,
        "f1": 0.9705882352941176
      },
      "per_class": {
        "very_low": {
          "precision": 0.9444444444444444,
          "recall": 0.9444444444444444,
          "f1": 0.9444444444444444,
          "support": 18
        },
        "low": {
          "precision": 0.9230769230769231,
          "recall": 0.9230769230769231,
          "f1": 0.9230769230769231,
          "support": 13
        },
        "medium": {
          "precision": 1.0,
          "recall": 1.0,
          "f1": 1.0,
          "support": 24
        },
        "high": {
          "precision": 1.0,
          "recall": 1.0,
          "f1": 1.0,
          "support": 13
        }
      },
      "classification_report": "              precision    recall  f1-score   support\n\n    very_low     0.9444    0.9444    0.9444        18\n         low     0.9231    0.9231    0.9231        13\n      medium     1.0000    1.0000    1.0000        24\n        high     1.0000    1.0000    1.0000        13\n\n    accuracy                         0.9706        68\n   macro avg     0.9669    0.9669    0.9669        68\nweighted avg     0.9706    0.9706    0.9706        68\n"
    },
    "stiffness": {
      "accuracy": 0.9705882352941176,
      "macro": {
        "precision": 0.9557692307692307,
        "recall": 0.9557692307692307,
        "f1": 0.9557692307692307
      },
      "weighted": {
        "precision": 0.9705882352941176,
        "recall": 0.9705882352941176,
        "f1": 0.9705882352941176
      },
      "per_class": {
        "very_soft": {
          "precision": 1.0,
          "recall": 1.0,
          "f1": 1.0,
          "support": 8
        },
        "soft": {
          "precision": 0.9,
          "recall": 0.9,
          "f1": 0.9,
          "support": 10
        },
        "medium": {
          "precision": 0.9230769230769231,
          "recall": 0.9230769230769231,
          "f1": 0.9230769230769231,
          "support": 13
        },
        "rigid": {
          "precision": 1.0,
          "recall": 1.0,
          "f1": 1.0,
          "support": 37
        }
      },
      "classification_report": "              precision    recall  f1-score   support\n\n   very_soft     1.0000    1.0000    1.0000         8\n        soft     0.9000    0.9000    0.9000        10\n      medium     0.9231    0.9231    0.9231        13\n       rigid     1.0000    1.0000    1.0000        37\n\n    accuracy                         0.9706        68\n   macro avg     0.9558    0.9558    0.9558        68\nweighted avg     0.9706    0.9706    0.9706        68\n"
    },
    "material": {
      "accuracy": 0.9558823529411765,
      "macro": {
        "precision": 0.9380952380952381,
        "recall": 0.9623931623931625,
        "f1": 0.9478312537136067
      },
      "weighted": {
        "precision": 0.9604341736694676,
        "recall": 0.9558823529411765,
        "f1": 0.9565027436999756
      },
      "per_class": {
        "sponge": {
          "precision": 1.0,
          "recall": 1.0,
          "f1": 1.0,
          "support": 8
        },
        "foam": {
          "precision": 0.8571428571428571,
          "recall": 0.9230769230769231,
          "f1": 0.8888888888888888,
          "support": 13
        },
        "wood": {
          "precision": 1.0,
          "recall": 1.0,
          "f1": 1.0,
          "support": 24
        },
        "hollow_container": {
          "precision": 0.8333333333333334,
          "recall": 1.0,
          "f1": 0.9090909090909091,
          "support": 5
        },
        "filled_container": {
          "precision": 1.0,
          "recall": 0.8888888888888888,
          "f1": 0.9411764705882353,
          "support": 18
        }
      },
      "classification_report": "                  precision    recall  f1-score   support\n\n          sponge     1.0000    1.0000    1.0000         8\n            foam     0.8571    0.9231    0.8889        13\n            wood     1.0000    1.0000    1.0000        24\nhollow_container     0.8333    1.0000    0.9091         5\nfilled_container     1.0000    0.8889    0.9412        18\n\n        accuracy                         0.9559        68\n       macro avg     0.9381    0.9624    0.9478        68\n    weighted avg     0.9604    0.9559    0.9565        68\n"
    }
  }
}