{
  "split": "ood_test",
  "checkpoint": "outputs/vision_model_clean/best_model.pth",
  "checkpoint_epoch": 14,
  "num_samples": 120,
  "loss": 15.167893373966217,
  "mass": 0.225,
  "stiffness": 0.23333333333333334,
  "material": 0.225,
  "summary": {
    "average_accuracy": 0.22777777777777777,
    "average_macro_f1": 0.12153153153153153,
    "average_weighted_f1": 0.16306306306306306
  },
  "tasks": {
    "mass": {
      "accuracy": 0.225,
      "macro": {
        "precision": 0.1125,
        "recall": 0.225,
        "f1": 0.15
      },
      "weighted": {
        "precision": 0.1125,
        "recall": 0.225,
        "f1": 0.15
      },
      "per_class": {
        "very_low": {
          "precision": 0.0,
          "recall": 0.0,
          "f1": 0.0,
          "support": 30
        },
        "low": {
          "precision": 0.0,
          "recall": 0.0,
          "f1": 0.0,
          "support": 30
        },
        "medium": {
          "precision": 0.45,
          "recall": 0.9,
          "f1": 0.6,
          "support": 30
        },
        "high": {
          "precision": 0.0,
          "recall": 0.0,
          "f1": 0.0,
          "support": 30
        }
      },
      "classification_report": "              precision    recall  f1-score   support\n\n    very_low     0.0000    0.0000    0.0000        30\n         low     0.0000    0.0000    0.0000        30\n      medium     0.4500    0.9000    0.6000        30\n        high     0.0000    0.0000    0.0000        30\n\n    accuracy                         0.2250       120\n   macro avg     0.1125    0.2250    0.1500       120\nweighted avg     0.1125    0.2250    0.1500       120\n"
    },
    "stiffness": {
      "accuracy": 0.23333333333333334,
      "macro": {
        "precision": 0.07954545454545454,
        "recall": 0.11666666666666667,
        "f1": 0.0945945945945946
      },
      "weighted": {
        "precision": 0.1590909090909091,
        "recall": 0.23333333333333334,
        "f1": 0.1891891891891892
      },
      "per_class": {
        "very_soft": {
          "precision": 0.0,
          "recall": 0.0,
          "f1": 0.0,
          "support": 30
        },
        "soft": {
          "precision": 0.0,
          "recall": 0.0,
          "f1": 0.0,
          "support": 0
        },
        "medium": {
          "precision": 0.0,
          "recall": 0.0,
          "f1": 0.0,
          "support": 30
        },
        "rigid": {
          "precision": 0.3181818181818182,
          "recall": 0.4666666666666667,
          "f1": 0.3783783783783784,
          "support": 60
        }
      },
      "classification_report": "              precision    recall  f1-score   support\n\n   very_soft     0.0000    0.0000    0.0000        30\n        soft     0.0000    0.0000    0.0000         0\n      medium     0.0000    0.0000    0.0000        30\n       rigid     0.3182    0.4667    0.3784        60\n\n    accuracy                         0.2333       120\n   macro avg     0.0795    0.1167    0.0946       120\nweighted avg     0.1591    0.2333    0.1892       120\n"
    },
    "material": {
      "accuracy": 0.225,
      "macro": {
        "precision": 0.09,
        "recall": 0.18,
        "f1": 0.12
      },
      "weighted": {
        "precision": 0.1125,
        "recall": 0.225,
        "f1": 0.15
      },
      "per_class": {
        "sponge": {
          "precision": 0.0,
          "recall": 0.0,
          "f1": 0.0,
          "support": 30
        },
        "foam": {
          "precision": 0.0,
          "recall": 0.0,
          "f1": 0.0,
          "support": 30
        },
        "wood": {
          "precision": 0.45,
          "recall": 0.9,
          "f1": 0.6,
          "support": 30
        },
        "hollow_container": {
          "precision": 0.0,
          "recall": 0.0,
          "f1": 0.0,
          "support": 0
        },
        "filled_container": {
          "precision": 0.0,
          "recall": 0.0,
          "f1": 0.0,
          "support": 30
        }
      },
      "classification_report": "                  precision    recall  f1-score   support\n\n          sponge     0.0000    0.0000    0.0000        30\n            foam     0.0000    0.0000    0.0000        30\n            wood     0.4500    0.9000    0.6000        30\nhollow_container     0.0000    0.0000    0.0000         0\nfilled_container     0.0000    0.0000    0.0000        30\n\n        accuracy                         0.2250       120\n       macro avg     0.0900    0.1800    0.1200       120\n    weighted avg     0.1125    0.2250    0.1500       120\n"
    }
  }
}