{
  "split": "ood_test",
  "checkpoint": "/home/martina/Y3_Project/visuotactile/newOutput/singleModal/vision/standard/vision_standard_seed456/best_model.pth",
  "checkpoint_epoch": 28,
  "num_samples": 150,
  "loss": 10.027356669108073,
  "mass": 0.24666666666666667,
  "stiffness": 0.37333333333333335,
  "material": 0.12666666666666668,
  "summary": {
    "average_accuracy": 0.2488888888888889,
    "average_macro_f1": 0.1950230318229337,
    "average_weighted_f1": 0.21339724272269286
  },
  "tasks": {
    "mass": {
      "accuracy": 0.24666666666666667,
      "macro": {
        "precision": 0.20197930724246516,
        "recall": 0.28518518518518515,
        "f1": 0.2174483828619167
      },
      "weighted": {
        "precision": 0.24048582995951415,
        "recall": 0.24666666666666667,
        "f1": 0.22298603651987112
      },
      "per_class": {
        "low": {
          "precision": 0.2982456140350877,
          "recall": 0.18888888888888888,
          "f1": 0.23129251700680273,
          "support": 90
        },
        "medium": {
          "precision": 0.3076923076923077,
          "recall": 0.6666666666666666,
          "f1": 0.42105263157894735,
          "support": 30
        },
        "high": {
          "precision": 0.0,
          "recall": 0.0,
          "f1": 0.0,
          "support": 30
        }
      },
      "classification_report": "              precision    recall  f1-score   support\n\n         low     0.2982    0.1889    0.2313        90\n      medium     0.3077    0.6667    0.4211        30\n        high     0.0000    0.0000    0.0000        30\n\n    accuracy                         0.2467       150\n   macro avg     0.2020    0.2852    0.2174       150\nweighted avg     0.2405    0.2467    0.2230       150\n"
    },
    "stiffness": {
      "accuracy": 0.37333333333333335,
      "macro": {
        "precision": 0.24693115104074007,
        "recall": 0.3481481481481481,
        "f1": 0.2706819370966804
      },
      "weighted": {
        "precision": 0.34036648283223625,
        "recall": 0.37333333333333335,
        "f1": 0.33965467124004417
      },
      "per_class": {
        "soft": {
          "precision": 0.0,
          "recall": 0.0,
          "f1": 0.0,
          "support": 30
        },
        "medium": {
          "precision": 0.4805194805194805,
          "recall": 0.4111111111111111,
          "f1": 0.4431137724550898,
          "support": 90
        },
        "rigid": {
          "precision": 0.2602739726027397,
          "recall": 0.6333333333333333,
          "f1": 0.36893203883495146,
          "support": 30
        }
      },
      "classification_report": "              precision    recall  f1-score   support\n\n        soft     0.0000    0.0000    0.0000        30\n      medium     0.4805    0.4111    0.4431        90\n       rigid     0.2603    0.6333    0.3689        30\n\n    accuracy                         0.3733       150\n   macro avg     0.2469    0.3481    0.2707       150\nweighted avg     0.3404    0.3733    0.3397       150\n"
    },
    "material": {
      "accuracy": 0.12666666666666668,
      "macro": {
        "precision": 0.06985294117647059,
        "recall": 0.15833333333333333,
        "f1": 0.09693877551020408
      },
      "weighted": {
        "precision": 0.05588235294117647,
        "recall": 0.12666666666666668,
        "f1": 0.07755102040816327
      },
      "per_class": {
        "sponge": {
          "precision": 0.0,
          "recall": 0.0,
          "f1": 0.0,
          "support": 30
        },
        "foam": {
          "precision": 0.0,
          "recall": 0.0,
          "f1": 0.0,
          "support": 30
        },
        "wood": {
          "precision": 0.27941176470588236,
          "recall": 0.6333333333333333,
          "f1": 0.3877551020408163,
          "support": 30
        },
        "container": {
          "precision": 0.0,
          "recall": 0.0,
          "f1": 0.0,
          "support": 60
        }
      },
      "classification_report": "              precision    recall  f1-score   support\n\n      sponge     0.0000    0.0000    0.0000        30\n        foam     0.0000    0.0000    0.0000        30\n        wood     0.2794    0.6333    0.3878        30\n   container     0.0000    0.0000    0.0000        60\n\n    accuracy                         0.1267       150\n   macro avg     0.0699    0.1583    0.0969       150\nweighted avg     0.0559    0.1267    0.0776       150\n"
    }
  }
}