{
  "split": "test",
  "checkpoint": "/home/martina/Y3_Project/visuotactile/outputs/vision_seed456/best_model.pth",
  "checkpoint_epoch": 17,
  "num_samples": 68,
  "loss": 0.54006266131011,
  "mass": 0.9264705882352942,
  "stiffness": 0.9411764705882353,
  "material": 0.9705882352941176,
  "summary": {
    "average_accuracy": 0.9460784313725491,
    "average_macro_f1": 0.9326195426195426,
    "average_weighted_f1": 0.9465908329143623
  },
  "tasks": {
    "mass": {
      "accuracy": 0.9264705882352942,
      "macro": {
        "precision": 0.931547619047619,
        "recall": 0.9091880341880342,
        "f1": 0.9171153846153846
      },
      "weighted": {
        "precision": 0.9336484593837534,
        "recall": 0.9264705882352942,
        "f1": 0.9271907993966817
      },
      "per_class": {
        "very_low": {
          "precision": 0.8095238095238095,
          "recall": 0.9444444444444444,
          "f1": 0.8717948717948718,
          "support": 18
        },
        "low": {
          "precision": 1.0,
          "recall": 0.8461538461538461,
          "f1": 0.9166666666666666,
          "support": 13
        },
        "medium": {
          "precision": 1.0,
          "recall": 1.0,
          "f1": 1.0,
          "support": 24
        },
        "high": {
          "precision": 0.9166666666666666,
          "recall": 0.8461538461538461,
          "f1": 0.88,
          "support": 13
        }
      },
      "classification_report": "              precision    recall  f1-score   support\n\n    very_low     0.8095    0.9444    0.8718        18\n         low     1.0000    0.8462    0.9167        13\n      medium     1.0000    1.0000    1.0000        24\n        high     0.9167    0.8462    0.8800        13\n\n    accuracy                         0.9265        68\n   macro avg     0.9315    0.9092    0.9171        68\nweighted avg     0.9336    0.9265    0.9272        68\n"
    },
    "stiffness": {
      "accuracy": 0.9411764705882353,
      "macro": {
        "precision": 0.9182432432432432,
        "recall": 0.9297817047817047,
        "f1": 0.9196321321321321
      },
      "weighted": {
        "precision": 0.9470588235294118,
        "recall": 0.9411764705882353,
        "f1": 0.9415849673202613
      },
      "per_class": {
        "very_soft": {
          "precision": 0.8,
          "recall": 1.0,
          "f1": 0.8888888888888888,
          "support": 8
        },
        "soft": {
          "precision": 0.9,
          "recall": 0.9,
          "f1": 0.9,
          "support": 10
        },
        "medium": {
          "precision": 1.0,
          "recall": 0.8461538461538461,
          "f1": 0.9166666666666666,
          "support": 13
        },
        "rigid": {
          "precision": 0.972972972972973,
          "recall": 0.972972972972973,
          "f1": 0.972972972972973,
          "support": 37
        }
      },
      "classification_report": "              precision    recall  f1-score   support\n\n   very_soft     0.8000    1.0000    0.8889         8\n        soft     0.9000    0.9000    0.9000        10\n      medium     1.0000    0.8462    0.9167        13\n       rigid     0.9730    0.9730    0.9730        37\n\n    accuracy                         0.9412        68\n   macro avg     0.9182    0.9298    0.9196        68\nweighted avg     0.9471    0.9412    0.9416        68\n"
    },
    "material": {
      "accuracy": 0.9705882352941176,
      "macro": {
        "precision": 0.96,
        "recall": 0.9692307692307693,
        "f1": 0.961111111111111
      },
      "weighted": {
        "precision": 0.9764705882352942,
        "recall": 0.9705882352941176,
        "f1": 0.9709967320261437
      },
      "per_class": {
        "sponge": {
          "precision": 0.8,
          "recall": 1.0,
          "f1": 0.8888888888888888,
          "support": 8
        },
        "foam": {
          "precision": 1.0,
          "recall": 0.8461538461538461,
          "f1": 0.9166666666666666,
          "support": 13
        },
        "wood": {
          "precision": 1.0,
          "recall": 1.0,
          "f1": 1.0,
          "support": 24
        },
        "hollow_container": {
          "precision": 1.0,
          "recall": 1.0,
          "f1": 1.0,
          "support": 5
        },
        "filled_container": {
          "precision": 1.0,
          "recall": 1.0,
          "f1": 1.0,
          "support": 18
        }
      },
      "classification_report": "                  precision    recall  f1-score   support\n\n          sponge     0.8000    1.0000    0.8889         8\n            foam     1.0000    0.8462    0.9167        13\n            wood     1.0000    1.0000    1.0000        24\nhollow_container     1.0000    1.0000    1.0000         5\nfilled_container     1.0000    1.0000    1.0000        18\n\n        accuracy                         0.9706        68\n       macro avg     0.9600    0.9692    0.9611        68\n    weighted avg     0.9765    0.9706    0.9710        68\n"
    }
  }
}