{
  "train_loss": [
    4.23465666770935,
    3.896096444129944,
    3.4836538553237917,
    2.943511128425598,
    2.39992778301239,
    2.062018370628357,
    1.7962186336517334,
    1.6348578691482545,
    1.4906104922294616,
    1.3621090650558472,
    1.2703399777412414,
    1.1318854689598083,
    1.040744811296463,
    0.9475849449634552,
    0.9255544602870941,
    0.9281047463417054,
    0.9442207455635071,
    0.8929333031177521,
    0.7489932388067245,
    0.700728127360344,
    0.792694690823555,
    0.7612947762012482,
    0.8771265834569931,
    0.8029009640216828,
    0.7937710613012314,
    0.872769632935524,
    0.7227393329143524,
    0.7127799689769745,
    0.7177888035774231,
    0.6051746964454651,
    0.6243878722190856,
    0.751799899339676,
    0.5592095464468002,
    0.6911765694618225,
    0.6738902360200882,
    0.61848404109478,
    0.6208226948976516,
    0.6031500220298767,
    0.7714397817850113,
    0.6597743034362793,
    0.6013705492019653,
    0.6449207663536072,
    0.5711662173271179,
    0.7029969692230225,
    0.5630879461765289,
    0.6052186906337738,
    0.5391366004943847,
    0.5992613419890404,
    0.5957822620868682,
    0.7389495819807053,
    0.4699062019586563,
    0.610483494400978,
    0.5931267708539962,
    0.5272677212953567,
    0.5126691997051239,
    0.618420860171318,
    0.617704638838768,
    0.5290589809417725,
    0.6088950991630554,
    0.49685019105672834,
    0.5813704609870911,
    0.5296197533607483,
    0.5340146005153656,
    0.5462976425886155,
    0.619105476140976,
    0.47220427393913267,
    0.5974740803241729,
    0.6148807942867279,
    0.5040055781602859,
    0.5886635571718216,
    0.518292048573494,
    0.44776187241077425,
    0.506029126048088,
    0.4669175773859024,
    0.5183028846979141,
    0.5795522421598435,
    0.47022137641906736,
    0.5733995705842971,
    0.42937365770339964,
    0.4341216415166855,
    0.577127867937088,
    0.4892997547984123,
    0.4840603321790695,
    0.4895909920334816,
    0.5184002801775932,
    0.4456086739897728,
    0.5899856418371201,
    0.5248866081237793,
    0.37542562186717987,
    0.4647212624549866,
    0.40982519537210466,
    0.5128150254487991,
    0.49947003126144407,
    0.4845423519611359,
    0.4291292309761047,
    0.48214911818504336,
    0.40701845586299895,
    0.435419088602066,
    0.4609899312257767,
    0.5985955089330673
  ],
  "val_loss": [
    4.202396361033122,
    4.032447862625122,
    3.064605967203776,
    2.0493727763493856,
    1.512232748667399,
    1.2211012919743855,
    1.0111486673355103,
    0.764335298538208,
    0.8730344474315643,
    0.6764463444550832,
    1.4168467770020168,
    1.5177873566746711,
    1.0358127335707346,
    1.8416502505540848,
    2.5277363588412602,
    1.8593644400437672,
    2.1588826209306715,
    3.74870274613301,
    2.715040398637454,
    3.223062771062056,
    2.5222069174051285,
    2.0727524504065515,
    3.4242293670773507,
    3.2032197785874206,
    1.4534447429080803,
    4.326493473226825,
    0.9681965976953506,
    2.2610696139434974,
    1.7809619516134263,
    2.8016824521124364,
    3.922284368549784,
    3.2502559257050354,
    2.8138429762174684,
    1.9382841189702351,
    3.3365057560304803,
    2.838110633939505,
    3.704040174062053,
    1.7747823393593232,
    2.602986696610848,
    3.8411666712413233,
    4.315152021249135,
    2.29379631926616,
    2.8945916612943012,
    2.3149615731090307,
    3.607295683523019,
    3.9041483130306007,
    3.746564543992281,
    1.577314242720604,
    4.171827084074418,
    2.016580407942335,
    3.499034677321712,
    2.3003727953881024,
    4.318467498881121,
    2.971570745607217,
    3.5983324804653725,
    1.640667119125525,
    2.8694556315739947,
    2.8178837036093074,
    2.9457750275731085,
    3.674414095034202,
    2.446310821548104,
    3.938816607867678,
    3.980653749157985,
    3.3806613119939963,
    3.3414635627840954,
    2.604761011277636,
    3.6357459356387456,
    4.210460593054692,
    3.270345033208529,
    3.952435702209671,
    3.151012986401717,
    3.794994080687563,
    2.719292851537466,
    3.571212396522363,
    3.447253217672308,
    3.337734441955884,
    3.1877244422833124,
    2.8153608003631234,
    2.9463170070201157,
    3.355660263945659,
    2.7542309150720636,
    3.302513783921798,
    3.4162927600865562,
    3.2104514820501207,
    3.254233194515109,
    3.887502898896734,
    3.5024914893011254,
    3.4070262274394434,
    3.1720799544205267,
    3.221603578949968,
    3.363970827187101,
    3.6859859629223743,
    3.5779279664779704,
    3.481350220553577,
    3.574452458632489,
    3.511108458414674,
    3.5580334704369307,
    3.502032177026073,
    3.5259225849062203,
    3.478655369952321
  ],
  "train_acc_mass": [
    0.4109375,
    0.4171875,
    0.5984375,
    0.6328125,
    0.703125,
    0.71875,
    0.7515625,
    0.7875,
    0.8421875,
    0.834375,
    0.8296875,
    0.8609375,
    0.875,
    0.8828125,
    0.8921875,
    0.8859375,
    0.859375,
    0.871875,
    0.9015625,
    0.9078125,
    0.8765625,
    0.89375,
    0.8859375,
    0.8890625,
    0.890625,
    0.875,
    0.8984375,
    0.9015625,
    0.903125,
    0.903125,
    0.9109375,
    0.9,
    0.9203125,
    0.909375,
    0.903125,
    0.9140625,
    0.9171875,
    0.915625,
    0.88125,
    0.8984375,
    0.9125,
    0.9125,
    0.921875,
    0.9,
    0.9046875,
    0.9078125,
    0.9265625,
    0.9046875,
    0.9078125,
    0.9046875,
    0.9140625,
    0.915625,
    0.921875,
    0.915625,
    0.928125,
    0.884375,
    0.903125,
    0.9203125,
    0.9125,
    0.9265625,
    0.915625,
    0.9328125,
    0.9125,
    0.925,
    0.9140625,
    0.9265625,
    0.9234375,
    0.9140625,
    0.9296875,
    0.91875,
    0.9265625,
    0.934375,
    0.9109375,
    0.9234375,
    0.915625,
    0.8953125,
    0.91875,
    0.903125,
    0.9203125,
    0.9390625,
    0.909375,
    0.925,
    0.9234375,
    0.915625,
    0.9140625,
    0.9296875,
    0.909375,
    0.9265625,
    0.9453125,
    0.928125,
    0.934375,
    0.921875,
    0.9296875,
    0.9171875,
    0.9296875,
    0.9265625,
    0.9390625,
    0.9375,
    0.934375,
    0.9171875
  ],