{
  "fusion_standard": {
    "label": "Standard Fusion",
    "eval_test": {
      "used_seeds": [
        42,
        123,
        456,
        789,
        2024
      ],
      "mass": {
        "mean": 0.9970588235294118,
        "std": 0.00588235294117645,
        "values": [
          1.0,
          0.9852941176470589,
          1.0,
          1.0,
          1.0
        ]
      },
      "stiffness": {
        "mean": 1.0,
        "std": 0.0,
        "values": [
          1.0,
          1.0,
          1.0,
          1.0,
          1.0
        ]
      },
      "material": {
        "mean": 0.9852941176470589,
        "std": 0.016109486985446047,
        "values": [
          0.9852941176470589,
          0.9852941176470589,
          1.0,
          1.0,
          0.9558823529411765
        ]
      },
      "loss": {
        "mean": 0.4726395109120537,
        "std": 0.16405583575205815,
        "values": [
          0.543189146939446,
          0.5958035448018242,
          0.2715739712995641,
          0.28399984626209035,
          0.668631045257344
        ]
      },
      "avg": {
        "mean": 0.9941176470588236,
        "std": 0.005716619504750274,
        "values": [
          0.9950980392156863,
          0.9901960784313726,
          1.0,
          1.0,
          0.9852941176470589
        ]
      }
    },
    "eval_ood_test": {
      "used_seeds": [
        42,
        123,
        456,
        789,
        2024
      ],
      "mass": {
        "mean": 0.8786666666666665,
        "std": 0.08777749648337485,
        "values": [
          0.8933333333333333,
          0.7933333333333333,
          0.94,
          0.7666666666666667,
          1.0
        ]
      },
      "stiffness": {
        "mean": 0.8653333333333333,
        "std": 0.08212727250365061,
        "values": [
          0.8866666666666667,
          0.7933333333333333,
          0.88,
          0.7666666666666667,
          1.0
        ]
      },
      "material": {
        "mean": 0.672,
        "std": 0.07344234322090888,
        "values": [
          0.6866666666666666,
          0.6,
          0.6733333333333333,
          0.6,
          0.8
        ]
      },
      "loss": {
        "mean": 1.5087314167022705,
        "std": 0.5187995455163695,
        "values": [
          1.36770658493042,
          1.755774631500244,
          1.102854995727539,
          2.3850051879882814,
          0.9323156833648681
        ]
      },
      "avg": {
        "mean": 0.8053333333333332,
        "std": 0.08006910595476296,
        "values": [
          0.8222222222222223,
          0.7288888888888888,
          0.831111111111111,
          0.7111111111111111,
          0.9333333333333332
        ]
      }
    }
  }
}