{
  "vision_standard": {
    "label": "Vision Only",
    "eval_test": {
      "used_seeds": [
        42,
        123,
        456,
        789,
        2024
      ],
      "mass": {
        "mean": 0.9411764705882353,
        "std": 0.009300816647554059,
        "values": [
          0.9411764705882353,
          0.9411764705882353,
          0.9558823529411765,
          0.9264705882352942,
          0.9411764705882353
        ]
      },
      "stiffness": {
        "mean": 0.9852941176470589,
        "std": 0.013153341044116413,
        "values": [
          0.9705882352941176,
          0.9852941176470589,
          0.9705882352941176,
          1.0,
          1.0
        ]
      },
      "material": {
        "mean": 0.9852941176470589,
        "std": 0.009300816647554059,
        "values": [
          0.9705882352941176,
          0.9852941176470589,
          0.9852941176470589,
          0.9852941176470589,
          1.0
        ]
      },
      "loss": {
        "mean": 0.25671801865100863,
        "std": 0.07278151104373919,
        "values": [
          0.3949854373931885,
          0.20106974244117737,
          0.20622634887695312,
          0.26520663499832153,
          0.21610192954540253
        ]
      },
      "avg": {
        "mean": 0.9705882352941178,
        "std": 0.0062005444317027175,
        "values": [
          0.9607843137254902,
          0.9705882352941178,
          0.9705882352941178,
          0.9705882352941178,
          0.9803921568627452
        ]
      }
    },
    "eval_ood_test": {
      "used_seeds": [
        42,
        123,
        456,
        789,
        2024
      ],
      "mass": {
        "mean": 0.24266666666666672,
        "std": 0.03388870673903689,
        "values": [
          0.22666666666666666,
          0.28,
          0.24666666666666667,
          0.2733333333333333,
          0.18666666666666668
        ]
      },
      "stiffness": {
        "mean": 0.388,
        "std": 0.030811253355443578,
        "values": [
          0.4,
          0.43333333333333335,
          0.37333333333333335,
          0.3933333333333333,
          0.34
        ]
      },
      "material": {
        "mean": 0.168,
        "std": 0.04450218471540969,
        "values": [
          0.24,
          0.19333333333333333,
          0.12666666666666668,
          0.12,
          0.16
        ]
      },
      "loss": {
        "mean": 8.952328224182128,
        "std": 1.0042587130705813,
        "values": [
          7.305652262369792,
          9.121986668904622,
          10.027356669108073,
          8.423299357096354,
          9.883346163431803
        ]
      },
      "avg": {
        "mean": 0.26622222222222225,
        "std": 0.026532998322843195,
        "values": [
          0.2888888888888889,
          0.3022222222222222,
          0.2488888888888889,
          0.2622222222222222,
          0.22888888888888892
        ]
      }
    }
  },
  "tactile_standard": {
    "label": "Tactile Only",
    "eval_test": {
      "used_seeds": [
        42,
        123,
        456,
        789,
        2024
      ],
      "mass": {
        "mean": 1.0,
        "std": 0.0,
        "values": [
          1.0,
          1.0,
          1.0,
          1.0,
          1.0
        ]
      },
      "stiffness": {
        "mean": 1.0,
        "std": 0.0,
        "values": [
          1.0,
          1.0,
          1.0,
          1.0,
          1.0
        ]
      },
      "material": {
        "mean": 0.9147058823529413,
        "std": 0.01100487466698219,
        "values": [
          0.9117647058823529,
          0.9117647058823529,
          0.8970588235294118,
          0.9264705882352942,
          0.9264705882352942
        ]
      },
      "loss": {
        "mean": 0.4496164292097092,
        "std": 0.22575590219524386,
        "values": [
          0.7021849155426025,
          0.6961724162101746,
          0.20664694905281067,
          0.4601139724254608,
          0.18296389281749725
        ]
      },
      "avg": {
        "mean": 0.9715686274509803,
        "std": 0.003668291555660761,
        "values": [
          0.9705882352941176,
          0.9705882352941176,
          0.9656862745098039,
          0.9754901960784315,
          0.9754901960784315
        ]
      }
    },
    "eval_ood_test": {
      "used_seeds": [
        42,
        123,
        456,
        789,
        2024
      ],
      "mass": {
        "mean": 1.0,
        "std": 0.0,
        "values": [
          1.0,
          1.0,
          1.0,
          1.0,
          1.0
        ]
      },
      "stiffness": {
        "mean": 0.9960000000000001,
        "std": 0.008000000000000007,
        "values": [
          0.98,
          1.0,
          1.0,
          1.0,
          1.0
        ]
      },
      "material": {
        "mean": 0.688,
        "std": 0.028720878971384044,
        "values": [
          0.6733333333333333,
          0.6466666666666666,
          0.7133333333333334,
          0.68,
          0.7266666666666667
        ]
      },
      "loss": {
        "mean": 0.7398759063084921,
        "std": 0.1585172718367177,
        "values": [
          0.932980227470398,
          0.9225060399373373,
          0.624109411239624,
          0.6723500378926595,
          0.5474338150024414
        ]
      },
      "avg": {
        "mean": 0.8946666666666667,
        "std": 0.01057366866966252,
        "values": [
          0.8844444444444445,
          0.8822222222222221,
          0.9044444444444445,
          0.8933333333333334,
          0.9088888888888889
        ]
      }
    }
  }
}