{
  "split": "ood_test",
  "checkpoint": "/home/martina/Y3_Project/visuotactile/newOutput/singleModal/vision/standard/vision_standard_seed42/best_model.pth",
  "checkpoint_epoch": 16,
  "num_samples": 150,
  "loss": 7.305652262369792,
  "mass": 0.22666666666666666,
  "stiffness": 0.4,
  "material": 0.24,
  "summary": {
    "average_accuracy": 0.2888888888888889,
    "average_macro_f1": 0.21635199759285942,
    "average_weighted_f1": 0.21018024713480155
  },
  "tasks": {
    "mass": {
      "accuracy": 0.22666666666666666,
      "macro": {
        "precision": 0.154265873015873,
        "recall": 0.3555555555555556,
        "f1": 0.1945543621631807
      },
      "weighted": {
        "precision": 0.13005952380952382,
        "recall": 0.22666666666666666,
        "f1": 0.1364047484454494
      },
      "per_class": {
        "low": {
          "precision": 0.09375,
          "recall": 0.03333333333333333,
          "f1": 0.04918032786885246,
          "support": 90
        },
        "medium": {
          "precision": 0.3333333333333333,
          "recall": 1.0,
          "f1": 0.5,
          "support": 30
        },
        "high": {
          "precision": 0.03571428571428571,
          "recall": 0.03333333333333333,
          "f1": 0.034482758620689655,
          "support": 30
        }
      },
      "classification_report": "              precision    recall  f1-score   support\n\n         low     0.0938    0.0333    0.0492        90\n      medium     0.3333    1.0000    0.5000        30\n        high     0.0357    0.0333    0.0345        30\n\n    accuracy                         0.2267       150\n   macro avg     0.1543    0.3556    0.1946       150\nweighted avg     0.1301    0.2267    0.1364       150\n"
    },
    "stiffness": {
      "accuracy": 0.4,
      "macro": {
        "precision": 0.28495440729483285,
        "recall": 0.4444444444444444,
        "f1": 0.2982766239505082
      },
      "weighted": {
        "precision": 0.385258358662614,
        "recall": 0.4,
        "f1": 0.34334953601414053
      },
      "per_class": {
        "soft": {
          "precision": 0.0,
          "recall": 0.0,
          "f1": 0.0,
          "support": 30
        },
        "medium": {
          "precision": 0.5357142857142857,
          "recall": 0.3333333333333333,
          "f1": 0.410958904109589,
          "support": 90
        },
        "rigid": {
          "precision": 0.3191489361702128,
          "recall": 1.0,
          "f1": 0.4838709677419355,
          "support": 30
        }
      },
      "classification_report": "              precision    recall  f1-score   support\n\n        soft     0.0000    0.0000    0.0000        30\n      medium     0.5357    0.3333    0.4110        90\n       rigid     0.3191    1.0000    0.4839        30\n\n    accuracy                         0.4000       150\n   macro avg     0.2850    0.4444    0.2983       150\nweighted avg     0.3853    0.4000    0.3433       150\n"
    },
    "material": {
      "accuracy": 0.24,
      "macro": {
        "precision": 0.12787212787212787,
        "recall": 0.275,
        "f1": 0.15622500666488937
      },
      "weighted": {
        "precision": 0.13866133866133867,
        "recall": 0.24,
        "f1": 0.1507864569448147
      },
      "per_class": {
        "sponge": {
          "precision": 0.0,
          "recall": 0.0,
          "f1": 0.0,
          "support": 30
        },
        "foam": {
          "precision": 0.0,
          "recall": 0.0,
          "f1": 0.0,
          "support": 30
        },
        "wood": {
          "precision": 0.32967032967032966,
          "recall": 1.0,
          "f1": 0.49586776859504134,
          "support": 30
        },
        "container": {
          "precision": 0.18181818181818182,
          "recall": 0.1,
          "f1": 0.12903225806451613,
          "support": 60
        }
      },
      "classification_report": "              precision    recall  f1-score   support\n\n      sponge     0.0000    0.0000    0.0000        30\n        foam     0.0000    0.0000    0.0000        30\n        wood     0.3297    1.0000    0.4959        30\n   container     0.1818    0.1000    0.1290        60\n\n    accuracy                         0.2400       150\n   macro avg     0.1279    0.2750    0.1562       150\nweighted avg     0.1387    0.2400    0.1508       150\n"
    }
  }
}