{
  "split": "ood_test",
  "block_modality": "none",
  "checkpoint": "/home/martina/Y3_Project/visuotactile/outputs/fusion_seed456/best_model.pth",
  "checkpoint_epoch": 4,
  "num_samples": 120,
  "loss": 1.0134947578112283,
  "mass": 0.825,
  "stiffness": 0.9083333333333333,
  "material": 0.8,
  "summary": {
    "average_accuracy": 0.8444444444444444,
    "average_macro_f1": 0.6961993244007797,
    "average_weighted_f1": 0.8237971179320703
  },
  "tasks": {
    "mass": {
      "accuracy": 0.825,
      "macro": {
        "precision": 0.8970588235294118,
        "recall": 0.825,
        "f1": 0.8005698005698005
      },
      "weighted": {
        "precision": 0.8970588235294118,
        "recall": 0.825,
        "f1": 0.8005698005698005
      },
      "per_class": {
        "very_low": {
          "precision": 1.0,
          "recall": 1.0,
          "f1": 1.0,
          "support": 30
        },
        "low": {
          "precision": 1.0,
          "recall": 0.3,
          "f1": 0.46153846153846156,
          "support": 30
        },
        "medium": {
          "precision": 0.5882352941176471,
          "recall": 1.0,
          "f1": 0.7407407407407407,
          "support": 30
        },
        "high": {
          "precision": 1.0,
          "recall": 1.0,
          "f1": 1.0,
          "support": 30
        }
      },
      "classification_report": "              precision    recall  f1-score   support\n\n    very_low     1.0000    1.0000    1.0000        30\n         low     1.0000    0.3000    0.4615        30\n      medium     0.5882    1.0000    0.7407        30\n        high     1.0000    1.0000    1.0000        30\n\n    accuracy                         0.8250       120\n   macro avg     0.8971    0.8250    0.8006       120\nweighted avg     0.8971    0.8250    0.8006       120\n"
    },
    "stiffness": {
      "accuracy": 0.9083333333333333,
      "macro": {
        "precision": 0.7112676056338028,
        "recall": 0.6583333333333333,
        "f1": 0.6728851846081945
      },
      "weighted": {
        "precision": 0.9225352112676056,
        "recall": 0.9083333333333333,
        "f1": 0.9018928181959806
      },
      "per_class": {
        "very_soft": {
          "precision": 1.0,
          "recall": 1.0,
          "f1": 1.0,
          "support": 30
        },
        "soft": {
          "precision": 0.0,
          "recall": 0.0,
          "f1": 0.0,
          "support": 0
        },
        "medium": {
          "precision": 1.0,
          "recall": 0.6333333333333333,
          "f1": 0.7755102040816326,
          "support": 30
        },
        "rigid": {
          "precision": 0.8450704225352113,
          "recall": 1.0,
          "f1": 0.916030534351145,
          "support": 60
        }
      },
      "classification_report": "              precision    recall  f1-score   support\n\n   very_soft     1.0000    1.0000    1.0000        30\n        soft     0.0000    0.0000    0.0000         0\n      medium     1.0000    0.6333    0.7755        30\n       rigid     0.8451    1.0000    0.9160        60\n\n    accuracy                         0.9083       120\n   macro avg     0.7113    0.6583    0.6729       120\nweighted avg     0.9225    0.9083    0.9019       120\n"
    },
    "material": {
      "accuracy": 0.8,
      "macro": {
        "precision": 0.711111111111111,
        "recall": 0.64,
        "f1": 0.615142988024344
      },
      "weighted": {
        "precision": 0.888888888888889,
        "recall": 0.8,
        "f1": 0.76892873503043
      },
      "per_class": {
        "sponge": {
          "precision": 1.0,
          "recall": 1.0,
          "f1": 1.0,
          "support": 30
        },
        "foam": {
          "precision": 1.0,
          "recall": 0.23333333333333334,
          "f1": 0.3783783783783784,
          "support": 30
        },
        "wood": {
          "precision": 0.5555555555555556,
          "recall": 1.0,
          "f1": 0.7142857142857143,
          "support": 30
        },
        "hollow_container": {
          "precision": 0.0,
          "recall": 0.0,
          "f1": 0.0,
          "support": 0
        },
        "filled_container": {
          "precision": 1.0,
          "recall": 0.9666666666666667,
          "f1": 0.9830508474576272,
          "support": 30
        }
      },
      "classification_report": "                  precision    recall  f1-score   support\n\n          sponge     1.0000    1.0000    1.0000        30\n            foam     1.0000    0.2333    0.3784        30\n            wood     0.5556    1.0000    0.7143        30\nhollow_container     0.0000    0.0000    0.0000         0\nfilled_container     1.0000    0.9667    0.9831        30\n\n        accuracy                         0.8000       120\n       macro avg     0.7111    0.6400    0.6151       120\n    weighted avg     0.8889    0.8000    0.7689       120\n"
    }
  }
}