{
  "split": "test",
  "block_modality": "none",
  "checkpoint": "/home/martina/Y3_Project/visuotactile/newOutput/fusion_gating_online_v2_multiseed/fusion_gating_online_v2_seed2024/best_model.pth",
  "checkpoint_epoch": 5,
  "num_samples": 68,
  "loss": 1.754316624473123,
  "mass": 1.0,
  "stiffness": 1.0,
  "material": 0.9705882352941176,
  "avg_gate_score": 0.8893874690813177,
  "summary": {
    "average_accuracy": 0.9901960784313726,
    "average_macro_f1": 0.9902597402597403,
    "average_weighted_f1": 0.9903234020881079
  },
  "gate_scores": [
    0.8993930816650391,
    0.8733384609222412,
    0.8969938158988953,
    0.88251131772995,
    0.8861643671989441,
    0.9282410144805908,
    0.9287552237510681,
    0.9174157977104187,
    0.9243714213371277,
    0.933662474155426,
    0.9264033436775208,
    0.918036162853241,
    0.9205788373947144,
    0.9305331110954285,
    0.9217003583908081,
    0.926581859588623,
    0.9323338866233826,
    0.9277251958847046,
    0.9050993919372559,
    0.895545244216919,
    0.9021502733230591,
    0.9052085280418396,
    0.8830284476280212,
    0.8763324022293091,
    0.8405867218971252,
    0.869204580783844,
    0.8684275150299072,
    0.8825479745864868,
    0.8615773320198059,
    0.8689962029457092,
    0.8745409250259399,
    0.9200383424758911,
    0.9048722386360168,
    0.9014595150947571,
    0.8972005248069763,
    0.8812180161476135,
    0.8933834433555603,
    0.894728422164917,
    0.9049076437950134,
    0.8996977210044861,
    0.9008170366287231,
    0.937492847442627,
    0.8999505043029785,
    0.9084123969078064,
    0.9099866151809692,
    0.8915411829948425,
    0.9075561761856079,
    0.883447527885437,
    0.8903743028640747,
    0.8920878171920776,
    0.8844892382621765,
    0.8869750499725342,
    0.8696101903915405,
    0.8860886096954346,
    0.8920149803161621,
    0.8528509736061096,
    0.8615260720252991,
    0.8476303219795227,
    0.8418480157852173,
    0.8208341598510742,
    0.8132157921791077,
    0.8324710726737976,
    0.8248246908187866,
    0.8761491179466248,
    0.8574886918067932,
    0.8756357431411743,
    0.874294638633728,
    0.8532429933547974
  ],
  "tasks": {
    "mass": {
      "accuracy": 1.0,
      "macro": {
        "precision": 1.0,
        "recall": 1.0,
        "f1": 1.0
      },
      "weighted": {
        "precision": 1.0,
        "recall": 1.0,
        "f1": 1.0
      },
      "per_class": {
        "low": {
          "precision": 1.0,
          "recall": 1.0,
          "f1": 1.0,
          "support": 31
        },
        "medium": {
          "precision": 1.0,
          "recall": 1.0,
          "f1": 1.0,
          "support": 24
        },
        "high": {
          "precision": 1.0,
          "recall": 1.0,
          "f1": 1.0,
          "support": 13
        }
      },
      "classification_report": "              precision    recall  f1-score   support\n\n         low     1.0000    1.0000    1.0000        31\n      medium     1.0000    1.0000    1.0000        24\n        high     1.0000    1.0000    1.0000        13\n\n    accuracy                         1.0000        68\n   macro avg     1.0000    1.0000    1.0000        68\nweighted avg     1.0000    1.0000    1.0000        68\n"
    },
    "stiffness": {
      "accuracy": 1.0,
      "macro": {
        "precision": 1.0,
        "recall": 1.0,
        "f1": 1.0
      },
      "weighted": {
        "precision": 1.0,
        "recall": 1.0,
        "f1": 1.0
      },
      "per_class": {
        "soft": {
          "precision": 1.0,
          "recall": 1.0,
          "f1": 1.0,
          "support": 8
        },
        "medium": {
          "precision": 1.0,
          "recall": 1.0,
          "f1": 1.0,
          "support": 36
        },
        "rigid": {
          "precision": 1.0,
          "recall": 1.0,
          "f1": 1.0,
          "support": 24
        }
      },
      "classification_report": "              precision    recall  f1-score   support\n\n        soft     1.0000    1.0000    1.0000         8\n      medium     1.0000    1.0000    1.0000        36\n       rigid     1.0000    1.0000    1.0000        24\n\n    accuracy                         1.0000        68\n   macro avg     1.0000    1.0000    1.0000        68\nweighted avg     1.0000    1.0000    1.0000        68\n"
    },
    "material": {
      "accuracy": 0.9705882352941176,
      "macro": {
        "precision": 0.9666666666666667,
        "recall": 0.9782608695652174,
        "f1": 0.9707792207792209
      },
      "weighted": {
        "precision": 0.9745098039215686,
        "recall": 0.9705882352941176,
        "f1": 0.9709702062643238
      },
      "per_class": {
        "sponge": {
          "precision": 1.0,
          "recall": 1.0,
          "f1": 1.0,
          "support": 8
        },
        "foam": {
          "precision": 0.8666666666666667,
          "recall": 1.0,
          "f1": 0.9285714285714286,
          "support": 13
        },
        "wood": {
          "precision": 1.0,
          "recall": 1.0,
          "f1": 1.0,
          "support": 24
        },
        "container": {
          "precision": 1.0,
          "recall": 0.9130434782608695,
          "f1": 0.9545454545454546,
          "support": 23
        }
      },
      "classification_report": "              precision    recall  f1-score   support\n\n      sponge     1.0000    1.0000    1.0000         8\n        foam     0.8667    1.0000    0.9286        13\n        wood     1.0000    1.0000    1.0000        24\n   container     1.0000    0.9130    0.9545        23\n\n    accuracy                         0.9706        68\n   macro avg     0.9667    0.9783    0.9708        68\nweighted avg     0.9745    0.9706    0.9710        68\n"
    }
  }
}