{
  "input_dim": 24,
  "context_len": 256,
  "d_model": 384,
  "n_heads": 8,
  "n_layers": 6,
  "dim_feedforward": 768,
  "dropout": 0.1,
  "num_classes": 10,
  "num_mass": 4,
  "num_stiffness": 4,
  "num_material": 5,
  "classes": [
    "CardboardBox_Hollow",
    "CardboardBox_RockFilled",
    "CardboardBox_RockFilled_Red",
    "CardboardBox_SpongeFilled",
    "Sponge_Blue",
    "WoodBlock_Foil",
    "WoodBlock_Native",
    "WoodBlock_Red",
    "YogaBrick_Blue",
    "YogaBrick_Native"
  ],
  "normalization": {
    "mean": [
      -3.7356460094451904,
      18.495338439941406,
      -26.223480224609375,
      80.36787414550781,
      3.2303690910339355,
      58.240325927734375,
      -1.795576810836792,
      12.653477668762207,
      11.27275276184082,
      1.8904144763946533,
      -0.10090082883834839,
      19.264726638793945,
      3.782294511795044,
      96.4218521118164,
      65.96751403808594,
      8.966468811035156,
      2.5996816158294678,
      137.8613739013672,
      0.029298176988959312,
      2.118288278579712,
      0.13436876237392426,
      0.28295034170150757,
      -0.02515837736427784,
      -1.7816516160964966
    ],
    "std": [
      2.89225172996521,
      13.766271591186523,
      11.097850799560547,
      5.807667255401611,
      0.41384458541870117,
      17.563060760498047,
      4.582648754119873,
      17.243915557861328,
      13.2327241897583,
      6.876882076263428,
      3.7561097145080566,
      16.51813316345215,
      5.1007537841796875,
      217.9100341796875,
      107.98775482177734,
      16.52293586730957,
      3.770277261734009,
      175.3587188720703,
      4.419539451599121,
      13.29732608795166,
      8.914066314697266,
      7.531654357910156,
      1.396445870399475,
      15.12363338470459
    ]
  }
}