{
  "split": "test",
  "checkpoint": "/home/martina/Y3_Project/visuotactile/newOutput/singleModal/vision/standard/vision_standard_seed2024/best_model.pth",
  "checkpoint_epoch": 26,
  "num_samples": 68,
  "loss": 0.21610192954540253,
  "mass": 0.9411764705882353,
  "stiffness": 1.0,
  "material": 1.0,
  "summary": {
    "average_accuracy": 0.9803921568627452,
    "average_macro_f1": 0.9730639730639731,
    "average_weighted_f1": 0.9792038027332145
  },
  "tasks": {
    "mass": {
      "accuracy": 0.9411764705882353,
      "macro": {
        "precision": 0.9619047619047619,
        "recall": 0.8974358974358975,
        "f1": 0.9191919191919192
      },
      "weighted": {
        "precision": 0.9478991596638655,
        "recall": 0.9411764705882353,
        "f1": 0.9376114081996436
      },
      "per_class": {
        "low": {
          "precision": 0.8857142857142857,
          "recall": 1.0,
          "f1": 0.9393939393939394,
          "support": 31
        },
        "medium": {
          "precision": 1.0,
          "recall": 1.0,
          "f1": 1.0,
          "support": 24
        },
        "high": {
          "precision": 1.0,
          "recall": 0.6923076923076923,
          "f1": 0.8181818181818182,
          "support": 13
        }
      },
      "classification_report": "              precision    recall  f1-score   support\n\n         low     0.8857    1.0000    0.9394        31\n      medium     1.0000    1.0000    1.0000        24\n        high     1.0000    0.6923    0.8182        13\n\n    accuracy                         0.9412        68\n   macro avg     0.9619    0.8974    0.9192        68\nweighted avg     0.9479    0.9412    0.9376        68\n"
    },
    "stiffness": {
      "accuracy": 1.0,
      "macro": {
        "precision": 1.0,
        "recall": 1.0,
        "f1": 1.0
      },
      "weighted": {
        "precision": 1.0,
        "recall": 1.0,
        "f1": 1.0
      },
      "per_class": {
        "soft": {
          "precision": 1.0,
          "recall": 1.0,
          "f1": 1.0,
          "support": 8
        },
        "medium": {
          "precision": 1.0,
          "recall": 1.0,
          "f1": 1.0,
          "support": 36
        },
        "rigid": {
          "precision": 1.0,
          "recall": 1.0,
          "f1": 1.0,
          "support": 24
        }
      },
      "classification_report": "              precision    recall  f1-score   support\n\n        soft     1.0000    1.0000    1.0000         8\n      medium     1.0000    1.0000    1.0000        36\n       rigid     1.0000    1.0000    1.0000        24\n\n    accuracy                         1.0000        68\n   macro avg     1.0000    1.0000    1.0000        68\nweighted avg     1.0000    1.0000    1.0000        68\n"
    },
    "material": {
      "accuracy": 1.0,
      "macro": {
        "precision": 1.0,
        "recall": 1.0,
        "f1": 1.0
      },
      "weighted": {
        "precision": 1.0,
        "recall": 1.0,
        "f1": 1.0
      },
      "per_class": {
        "sponge": {
          "precision": 1.0,
          "recall": 1.0,
          "f1": 1.0,
          "support": 8
        },
        "foam": {
          "precision": 1.0,
          "recall": 1.0,
          "f1": 1.0,
          "support": 13
        },
        "wood": {
          "precision": 1.0,
          "recall": 1.0,
          "f1": 1.0,
          "support": 24
        },
        "container": {
          "precision": 1.0,
          "recall": 1.0,
          "f1": 1.0,
          "support": 23
        }
      },
      "classification_report": "              precision    recall  f1-score   support\n\n      sponge     1.0000    1.0000    1.0000         8\n        foam     1.0000    1.0000    1.0000        13\n        wood     1.0000    1.0000    1.0000        24\n   container     1.0000    1.0000    1.0000        23\n\n    accuracy                         1.0000        68\n   macro avg     1.0000    1.0000    1.0000        68\nweighted avg     1.0000    1.0000    1.0000        68\n"
    }
  }
}