{
  "split": "ood_test",
  "checkpoint": "/home/martina/Y3_Project/visuotactile/outputs/tactile_seed123/best_model.pth",
  "checkpoint_epoch": 30,
  "num_samples": 120,
  "loss": 3.499324167892337,
  "mass": 0.775,
  "stiffness": 0.7833333333333333,
  "material": 0.775,
  "summary": {
    "average_accuracy": 0.7777777777777778,
    "average_macro_f1": 0.6318753639057229,
    "average_weighted_f1": 0.7662000369918734
  },
  "tasks": {
    "mass": {
      "accuracy": 0.775,
      "macro": {
        "precision": 0.8758640552995391,
        "recall": 0.775,
        "f1": 0.7249064852715965
      },
      "weighted": {
        "precision": 0.8758640552995391,
        "recall": 0.775,
        "f1": 0.7249064852715965
      },
      "per_class": {
        "very_low": {
          "precision": 0.5357142857142857,
          "recall": 1.0,
          "f1": 0.6976744186046512,
          "support": 30
        },
        "low": {
          "precision": 1.0,
          "recall": 0.13333333333333333,
          "f1": 0.23529411764705882,
          "support": 30
        },
        "medium": {
          "precision": 0.967741935483871,
          "recall": 1.0,
          "f1": 0.9836065573770492,
          "support": 30
        },
        "high": {
          "precision": 1.0,
          "recall": 0.9666666666666667,
          "f1": 0.9830508474576272,
          "support": 30
        }
      },
      "classification_report": "              precision    recall  f1-score   support\n\n    very_low     0.5357    1.0000    0.6977        30\n         low     1.0000    0.1333    0.2353        30\n      medium     0.9677    1.0000    0.9836        30\n        high     1.0000    0.9667    0.9831        30\n\n    accuracy                         0.7750       120\n   macro avg     0.8759    0.7750    0.7249       120\nweighted avg     0.8759    0.7750    0.7249       120\n"
    },
    "stiffness": {
      "accuracy": 0.7833333333333333,
      "macro": {
        "precision": 0.75,
        "recall": 0.5333333333333333,
        "f1": 0.5588235294117647
      },
      "weighted": {
        "precision": 1.0,
        "recall": 0.7833333333333333,
        "f1": 0.8088235294117647
      },
      "per_class": {
        "very_soft": {
          "precision": 1.0,
          "recall": 1.0,
          "f1": 1.0,
          "support": 30
        },
        "soft": {
          "precision": 0.0,
          "recall": 0.0,
          "f1": 0.0,
          "support": 0
        },
        "medium": {
          "precision": 1.0,
          "recall": 0.13333333333333333,
          "f1": 0.23529411764705882,
          "support": 30
        },
        "rigid": {
          "precision": 1.0,
          "recall": 1.0,
          "f1": 1.0,
          "support": 60
        }
      },
      "classification_report": "              precision    recall  f1-score   support\n\n   very_soft     1.0000    1.0000    1.0000        30\n        soft     0.0000    0.0000    0.0000         0\n      medium     1.0000    0.1333    0.2353        30\n       rigid     1.0000    1.0000    1.0000        60\n\n    accuracy                         0.7833       120\n   macro avg     0.7500    0.5333    0.5588       120\nweighted avg     1.0000    0.7833    0.8088       120\n"
    },
    "material": {
      "accuracy": 0.775,
      "macro": {
        "precision": 0.7422663358147229,
        "recall": 0.62,
        "f1": 0.6118960770338072
      },
      "weighted": {
        "precision": 0.9278329197684037,
        "recall": 0.775,
        "f1": 0.764870096292259
      },
      "per_class": {
        "sponge": {
          "precision": 1.0,
          "recall": 1.0,
          "f1": 1.0,
          "support": 30
        },
        "foam": {
          "precision": 1.0,
          "recall": 0.13333333333333333,
          "f1": 0.23529411764705882,
          "support": 30
        },
        "wood": {
          "precision": 0.967741935483871,
          "recall": 1.0,
          "f1": 0.9836065573770492,
          "support": 30
        },
        "hollow_container": {
          "precision": 0.0,
          "recall": 0.0,
          "f1": 0.0,
          "support": 0
        },
        "filled_container": {
          "precision": 0.7435897435897436,
          "recall": 0.9666666666666667,
          "f1": 0.8405797101449275,
          "support": 30
        }
      },
      "classification_report": "                  precision    recall  f1-score   support\n\n          sponge     1.0000    1.0000    1.0000        30\n            foam     1.0000    0.1333    0.2353        30\n            wood     0.9677    1.0000    0.9836        30\nhollow_container     0.0000    0.0000    0.0000         0\nfilled_container     0.7436    0.9667    0.8406        30\n\n        accuracy                         0.7750       120\n       macro avg     0.7423    0.6200    0.6119       120\n    weighted avg     0.9278    0.7750    0.7649       120\n"
    }
  }
}