{
  "split": "test",
  "checkpoint": "outputs/vision_model_clean/best_model.pth",
  "checkpoint_epoch": 14,
  "num_samples": 68,
  "loss": 0.5970221779802266,
  "mass": 0.9117647058823529,
  "stiffness": 0.9117647058823529,
  "material": 0.9705882352941176,
  "summary": {
    "average_accuracy": 0.9313725490196078,
    "average_macro_f1": 0.9177188552188552,
    "average_weighted_f1": 0.9325089126559715
  },
  "tasks": {
    "mass": {
      "accuracy": 0.9117647058823529,
      "macro": {
        "precision": 0.9204545454545454,
        "recall": 0.8899572649572649,
        "f1": 0.9
      },
      "weighted": {
        "precision": 0.9224598930481284,
        "recall": 0.9117647058823529,
        "f1": 0.9125000000000001
      },
      "per_class": {
        "very_low": {
          "precision": 0.7727272727272727,
          "recall": 0.9444444444444444,
          "f1": 0.85,
          "support": 18
        },
        "low": {
          "precision": 1.0,
          "recall": 0.8461538461538461,
          "f1": 0.9166666666666666,
          "support": 13
        },
        "medium": {
          "precision": 1.0,
          "recall": 1.0,
          "f1": 1.0,
          "support": 24
        },
        "high": {
          "precision": 0.9090909090909091,
          "recall": 0.7692307692307693,
          "f1": 0.8333333333333334,
          "support": 13
        }
      },
      "classification_report": "              precision    recall  f1-score   support\n\n    very_low     0.7727    0.9444    0.8500        18\n         low     1.0000    0.8462    0.9167        13\n      medium     1.0000    1.0000    1.0000        24\n        high     0.9091    0.7692    0.8333        13\n\n    accuracy                         0.9118        68\n   macro avg     0.9205    0.8900    0.9000        68\nweighted avg     0.9225    0.9118    0.9125        68\n"
    },
    "stiffness": {
      "accuracy": 0.9117647058823529,
      "macro": {
        "precision": 0.8803571428571428,
        "recall": 0.9162681912681913,
        "f1": 0.8920454545454546
      },
      "weighted": {
        "precision": 0.9241596638655462,
        "recall": 0.9117647058823529,
        "f1": 0.9140300059417706
      },
      "per_class": {
        "very_soft": {
          "precision": 0.8,
          "recall": 1.0,
          "f1": 0.8888888888888888,
          "support": 8
        },
        "soft": {
          "precision": 0.75,
          "recall": 0.9,
          "f1": 0.8181818181818182,
          "support": 10
        },
        "medium": {
          "precision": 1.0,
          "recall": 0.8461538461538461,
          "f1": 0.9166666666666666,
          "support": 13
        },
        "rigid": {
          "precision": 0.9714285714285714,
          "recall": 0.918918918918919,
          "f1": 0.9444444444444444,
          "support": 37
        }
      },
      "classification_report": "              precision    recall  f1-score   support\n\n   very_soft     0.8000    1.0000    0.8889         8\n        soft     0.7500    0.9000    0.8182        10\n      medium     1.0000    0.8462    0.9167        13\n       rigid     0.9714    0.9189    0.9444        37\n\n    accuracy                         0.9118        68\n   macro avg     0.8804    0.9163    0.8920        68\nweighted avg     0.9242    0.9118    0.9140        68\n"
    },
    "material": {
      "accuracy": 0.9705882352941176,
      "macro": {
        "precision": 0.96,
        "recall": 0.9692307692307693,
        "f1": 0.961111111111111
      },
      "weighted": {
        "precision": 0.9764705882352942,
        "recall": 0.9705882352941176,
        "f1": 0.9709967320261437
      },
      "per_class": {
        "sponge": {
          "precision": 0.8,
          "recall": 1.0,
          "f1": 0.8888888888888888,
          "support": 8
        },
        "foam": {
          "precision": 1.0,
          "recall": 0.8461538461538461,
          "f1": 0.9166666666666666,
          "support": 13
        },
        "wood": {
          "precision": 1.0,
          "recall": 1.0,
          "f1": 1.0,
          "support": 24
        },
        "hollow_container": {
          "precision": 1.0,
          "recall": 1.0,
          "f1": 1.0,
          "support": 5
        },
        "filled_container": {
          "precision": 1.0,
          "recall": 1.0,
          "f1": 1.0,
          "support": 18
        }
      },
      "classification_report": "                  precision    recall  f1-score   support\n\n          sponge     0.8000    1.0000    0.8889         8\n            foam     1.0000    0.8462    0.9167        13\n            wood     1.0000    1.0000    1.0000        24\nhollow_container     1.0000    1.0000    1.0000         5\nfilled_container     1.0000    1.0000    1.0000        18\n\n        accuracy                         0.9706        68\n       macro avg     0.9600    0.9692    0.9611        68\n    weighted avg     0.9765    0.9706    0.9710        68\n"
    }
  }
}