{
  "split": "ood_test",
  "block_modality": "none",
  "checkpoint": "/home/martina/Y3_Project/visuotactile/newOutput/fusion/standard/fusion_standard_seed123/best_model.pth",
  "checkpoint_epoch": 5,
  "num_samples": 150,
  "loss": 1.755774631500244,
  "mass": 0.7933333333333333,
  "stiffness": 0.7933333333333333,
  "material": 0.6,
  "summary": {
    "average_accuracy": 0.7288888888888888,
    "average_macro_f1": 0.7335138761313257,
    "average_weighted_f1": 0.7330067397181491
  },
  "tasks": {
    "mass": {
      "accuracy": 0.7933333333333333,
      "macro": {
        "precision": 0.8306010928961749,
        "recall": 0.8851851851851852,
        "f1": 0.8170956560218304
      },
      "weighted": {
        "precision": 0.898360655737705,
        "recall": 0.7933333333333333,
        "f1": 0.8070359171030312
      },
      "per_class": {
        "low": {
          "precision": 1.0,
          "recall": 0.6555555555555556,
          "f1": 0.7919463087248322,
          "support": 90
        },
        "medium": {
          "precision": 0.4918032786885246,
          "recall": 1.0,
          "f1": 0.6593406593406593,
          "support": 30
        },
        "high": {
          "precision": 1.0,
          "recall": 1.0,
          "f1": 1.0,
          "support": 30
        }
      },
      "classification_report": "              precision    recall  f1-score   support\n\n         low     1.0000    0.6556    0.7919        90\n      medium     0.4918    1.0000    0.6593        30\n        high     1.0000    1.0000    1.0000        30\n\n    accuracy                         0.7933       150\n   macro avg     0.8306    0.8852    0.8171       150\nweighted avg     0.8984    0.7933    0.8070       150\n"
    },
    "stiffness": {
      "accuracy": 0.7933333333333333,
      "macro": {
        "precision": 0.8306010928961749,
        "recall": 0.8851851851851852,
        "f1": 0.8170956560218304
      },
      "weighted": {
        "precision": 0.898360655737705,
        "recall": 0.7933333333333333,
        "f1": 0.8070359171030312
      },
      "per_class": {
        "soft": {
          "precision": 1.0,
          "recall": 1.0,
          "f1": 1.0,
          "support": 30
        },
        "medium": {
          "precision": 1.0,
          "recall": 0.6555555555555556,
          "f1": 0.7919463087248322,
          "support": 90
        },
        "rigid": {
          "precision": 0.4918032786885246,
          "recall": 1.0,
          "f1": 0.6593406593406593,
          "support": 30
        }
      },
      "classification_report": "              precision    recall  f1-score   support\n\n        soft     1.0000    1.0000    1.0000        30\n      medium     1.0000    0.6556    0.7919        90\n       rigid     0.4918    1.0000    0.6593        30\n\n    accuracy                         0.7933       150\n   macro avg     0.8306    0.8852    0.8171       150\nweighted avg     0.8984    0.7933    0.8070       150\n"
    },
    "material": {
      "accuracy": 0.6,
      "macro": {
        "precision": 0.6006311360448808,
        "recall": 0.625,
        "f1": 0.5663503163503163
      },
      "weighted": {
        "precision": 0.6740532959326788,
        "recall": 0.6,
        "f1": 0.584948384948385
      },
      "per_class": {
        "sponge": {
          "precision": 1.0,
          "recall": 1.0,
          "f1": 1.0,
          "support": 30
        },
        "foam": {
          "precision": 0.0,
          "recall": 0.0,
          "f1": 0.0,
          "support": 30
        },
        "wood": {
          "precision": 0.43478260869565216,
          "recall": 1.0,
          "f1": 0.6060606060606061,
          "support": 30
        },
        "container": {
          "precision": 0.967741935483871,
          "recall": 0.5,
          "f1": 0.6593406593406593,
          "support": 60
        }
      },
      "classification_report": "              precision    recall  f1-score   support\n\n      sponge     1.0000    1.0000    1.0000        30\n        foam     0.0000    0.0000    0.0000        30\n        wood     0.4348    1.0000    0.6061        30\n   container     0.9677    0.5000    0.6593        60\n\n    accuracy                         0.6000       150\n   macro avg     0.6006    0.6250    0.5664       150\nweighted avg     0.6741    0.6000    0.5849       150\n"
    }
  }
}