{
  "split": "ood_test",
  "checkpoint": "/home/martina/Y3_Project/visuotactile/outputs/vision_seed2024/best_model.pth",
  "checkpoint_epoch": 14,
  "num_samples": 120,
  "loss": 15.547772200902303,
  "mass": 0.20833333333333334,
  "stiffness": 0.2,
  "material": 0.225,
  "summary": {
    "average_accuracy": 0.2111111111111111,
    "average_macro_f1": 0.11902691438050877,
    "average_weighted_f1": 0.15740433263080836
  },
  "tasks": {
    "mass": {
      "accuracy": 0.20833333333333334,
      "macro": {
        "precision": 0.11419172932330826,
        "recall": 0.20833333333333334,
        "f1": 0.14655172413793102
      },
      "weighted": {
        "precision": 0.11419172932330827,
        "recall": 0.20833333333333334,
        "f1": 0.14655172413793105
      },
      "per_class": {
        "very_low": {
          "precision": 0.0,
          "recall": 0.0,
          "f1": 0.0,
          "support": 30
        },
        "low": {
          "precision": 0.0,
          "recall": 0.0,
          "f1": 0.0,
          "support": 30
        },
        "medium": {
          "precision": 0.42105263157894735,
          "recall": 0.8,
          "f1": 0.5517241379310345,
          "support": 30
        },
        "high": {
          "precision": 0.03571428571428571,
          "recall": 0.03333333333333333,
          "f1": 0.034482758620689655,
          "support": 30
        }
      },
      "classification_report": "              precision    recall  f1-score   support\n\n    very_low     0.0000    0.0000    0.0000        30\n         low     0.0000    0.0000    0.0000        30\n      medium     0.4211    0.8000    0.5517        30\n        high     0.0357    0.0333    0.0345        30\n\n    accuracy                         0.2083       120\n   macro avg     0.1142    0.2083    0.1466       120\nweighted avg     0.1142    0.2083    0.1466       120\n"
    },
    "stiffness": {
      "accuracy": 0.2,
      "macro": {
        "precision": 0.07142857142857142,
        "recall": 0.1,
        "f1": 0.08333333333333333
      },
      "weighted": {
        "precision": 0.14285714285714285,
        "recall": 0.2,
        "f1": 0.16666666666666666
      },
      "per_class": {
        "very_soft": {
          "precision": 0.0,
          "recall": 0.0,
          "f1": 0.0,
          "support": 30
        },
        "soft": {
          "precision": 0.0,
          "recall": 0.0,
          "f1": 0.0,
          "support": 0
        },
        "medium": {
          "precision": 0.0,
          "recall": 0.0,
          "f1": 0.0,
          "support": 30
        },
        "rigid": {
          "precision": 0.2857142857142857,
          "recall": 0.4,
          "f1": 0.3333333333333333,
          "support": 60
        }
      },
      "classification_report": "              precision    recall  f1-score   support\n\n   very_soft     0.0000    0.0000    0.0000        30\n        soft     0.0000    0.0000    0.0000         0\n      medium     0.0000    0.0000    0.0000        30\n       rigid     0.2857    0.4000    0.3333        60\n\n    accuracy                         0.2000       120\n   macro avg     0.0714    0.1000    0.0833       120\nweighted avg     0.1429    0.2000    0.1667       120\n"
    },
    "material": {
      "accuracy": 0.225,
      "macro": {
        "precision": 0.1,
        "recall": 0.18,
        "f1": 0.12719568567026196
      },
      "weighted": {
        "precision": 0.12499999999999999,
        "recall": 0.225,
        "f1": 0.15899460708782745
      },
      "per_class": {
        "sponge": {
          "precision": 0.0,
          "recall": 0.0,
          "f1": 0.0,
          "support": 30
        },
        "foam": {
          "precision": 0.0,
          "recall": 0.0,
          "f1": 0.0,
          "support": 30
        },
        "wood": {
          "precision": 0.43103448275862066,
          "recall": 0.8333333333333334,
          "f1": 0.5681818181818182,
          "support": 30
        },
        "hollow_container": {
          "precision": 0.0,
          "recall": 0.0,
          "f1": 0.0,
          "support": 0
        },
        "filled_container": {
          "precision": 0.06896551724137931,
          "recall": 0.06666666666666667,
          "f1": 0.06779661016949153,
          "support": 30
        }
      },
      "classification_report": "                  precision    recall  f1-score   support\n\n          sponge     0.0000    0.0000    0.0000        30\n            foam     0.0000    0.0000    0.0000        30\n            wood     0.4310    0.8333    0.5682        30\nhollow_container     0.0000    0.0000    0.0000         0\nfilled_container     0.0690    0.0667    0.0678        30\n\n        accuracy                         0.2250       120\n       macro avg     0.1000    0.1800    0.1272       120\n    weighted avg     0.1250    0.2250    0.1590       120\n"
    }
  }
}