{
  "split": "ood_test",
  "block_modality": "none",
  "checkpoint": "/home/martina/Y3_Project/visuotactile/newOutput_hollow2_only_earlystop/fusion_gating_online_v2_multiseed/fusion_gating_online_v2_seed2024/best_model.pth",
  "checkpoint_epoch": 7,
  "num_samples": 150,
  "loss": 2.3823072624206545,
  "mass": 1.0,
  "stiffness": 0.8,
  "material": 0.8,
  "avg_gate_score": 0.9200522943337759,
  "summary": {
    "average_accuracy": 0.8666666666666667,
    "average_macro_f1": 0.7999999999999999,
    "average_weighted_f1": 0.8222222222222223
  },
  "gate_scores": [
    0.9318121075630188,
    0.9272525310516357,
    0.9302103519439697,
    0.9404837489128113,
    0.9283409714698792,
    0.9280750751495361,
    0.9309082627296448,
    0.9315435886383057,
    0.9361017346382141,
    0.9316473603248596,
    0.9311556220054626,
    0.9210774898529053,
    0.9209346771240234,
    0.9375230073928833,
    0.9225957989692688,
    0.9332259893417358,
    0.9442110657691956,
    0.9345118403434753,
    0.918893575668335,
    0.9260158538818359,
    0.9051626920700073,
    0.9174702167510986,
    0.9308328628540039,
    0.9412211179733276,
    0.9177287817001343,
    0.9175083041191101,
    0.9173733592033386,
    0.9220149517059326,
    0.9373352527618408,
    0.8870792388916016,
    0.931019127368927,
    0.9360395669937134,
    0.9363961219787598,
    0.9507076740264893,
    0.9463819265365601,
    0.9266296625137329,
    0.9369643330574036,
    0.9374934434890747,
    0.9575455188751221,
    0.9461198449134827,
    0.9494681358337402,
    0.935801088809967,
    0.9475039839744568,
    0.9297815561294556,
    0.932075023651123,
    0.955327033996582,
    0.946757972240448,
    0.9342504739761353,
    0.9372757077217102,
    0.9355437159538269,
    0.9324069619178772,
    0.9389803409576416,
    0.93612140417099,
    0.9526704549789429,
    0.9371984004974365,
    0.9509086608886719,
    0.9463649988174438,
    0.947482705116272,
    0.9332275390625,
    0.9215023517608643,
    0.9330026507377625,
    0.9305905103683472,
    0.9401257634162903,
    0.9428028464317322,
    0.9408705234527588,
    0.9336172342300415,
    0.950641930103302,
    0.9375090599060059,
    0.9427938461303711,
    0.9403002858161926,
    0.948931097984314,
    0.944511890411377,
    0.9526143670082092,
    0.9391793608665466,
    0.9349775314331055,
    0.9397786259651184,
    0.9427542090415955,
    0.9443930387496948,
    0.9368952512741089,
    0.9385906457901001,
    0.9457152485847473,
    0.9452385902404785,
    0.9621487259864807,
    0.9540728330612183,
    0.9366703629493713,
    0.9416919350624084,
    0.9445633888244629,
    0.9280968308448792,
    0.9221501350402832,
    0.9460413455963135,
    0.8920363187789917,
    0.8967545628547668,
    0.9282009601593018,
    0.9358274936676025,
    0.9132553339004517,
    0.9041432738304138,
    0.9006990194320679,
    0.920899510383606,
    0.914282500743866,
    0.9274057745933533,
    0.9084671139717102,
    0.9212445616722107,
    0.9033637046813965,
    0.9147258996963501,
    0.927673876285553,
    0.9010744690895081,
    0.9058892726898193,
    0.8952083587646484,
    0.9170108437538147,
    0.8987525105476379,
    0.9432665109634399,
    0.9378660917282104,
    0.9245729446411133,
    0.9223803877830505,
    0.9068847894668579,
    0.9330403804779053,
    0.9156232476234436,
    0.9275228977203369,
    0.9236882925033569,
    0.9139623641967773,
    0.893500030040741,
    0.8950040340423584,
    0.8885175585746765,
    0.8852614164352417,
    0.882464587688446,
    0.8738074898719788,
    0.8685404658317566,
    0.8844640254974365,
    0.8704040050506592,
    0.8639888763427734,
    0.8848252892494202,
    0.8797768354415894,
    0.8764541745185852,
    0.876028835773468,
    0.8764762878417969,
    0.8672193884849548,
    0.8715705871582031,
    0.8626486659049988,
    0.8616854548454285,
    0.8844240307807922,
    0.883125364780426,
    0.8754998445510864,
    0.8642330169677734,
    0.8838862180709839,
    0.8649305105209351,
    0.8732297420501709,
    0.8572877645492554,
    0.8722467422485352,
    0.8655958771705627,
    0.8975605368614197
  ],
  "tasks": {
    "mass": {
      "accuracy": 1.0,
      "macro": {
        "precision": 1.0,
        "recall": 1.0,
        "f1": 1.0
      },
      "weighted": {
        "precision": 1.0,
        "recall": 1.0,
        "f1": 1.0
      },
      "per_class": {
        "low": {
          "precision": 1.0,
          "recall": 1.0,
          "f1": 1.0,
          "support": 90
        },
        "medium": {
          "precision": 1.0,
          "recall": 1.0,
          "f1": 1.0,
          "support": 30
        },
        "high": {
          "precision": 1.0,
          "recall": 1.0,
          "f1": 1.0,
          "support": 30
        }
      },
      "classification_report": "              precision    recall  f1-score   support\n\n         low     1.0000    1.0000    1.0000        90\n      medium     1.0000    1.0000    1.0000        30\n        high     1.0000    1.0000    1.0000        30\n\n    accuracy                         1.0000       150\n   macro avg     1.0000    1.0000    1.0000       150\nweighted avg     1.0000    1.0000    1.0000       150\n"
    },
    "stiffness": {
      "accuracy": 0.8,
      "macro": {
        "precision": 0.625,
        "recall": 0.75,
        "f1": 0.6666666666666666
      },
      "weighted": {
        "precision": 0.7,
        "recall": 0.8,
        "f1": 0.7333333333333333
      },
      "per_class": {
        "very_soft": {
          "precision": 1.0,
          "recall": 1.0,
          "f1": 1.0,
          "support": 30
        },
        "soft": {
          "precision": 0.0,
          "recall": 0.0,
          "f1": 0.0,
          "support": 30
        },
        "medium": {
          "precision": 0.5,
          "recall": 1.0,
          "f1": 0.6666666666666666,
          "support": 30
        },
        "rigid": {
          "precision": 1.0,
          "recall": 1.0,
          "f1": 1.0,
          "support": 60
        }
      },
      "classification_report": "              precision    recall  f1-score   support\n\n   very_soft     1.0000    1.0000    1.0000        30\n        soft     0.0000    0.0000    0.0000        30\n      medium     0.5000    1.0000    0.6667        30\n       rigid     1.0000    1.0000    1.0000        60\n\n    accuracy                         0.8000       150\n   macro avg     0.6250    0.7500    0.6667       150\nweighted avg     0.7000    0.8000    0.7333       150\n"
    },
    "material": {
      "accuracy": 0.8,
      "macro": {
        "precision": 0.7,
        "recall": 0.8,
        "f1": 0.7333333333333333
      },
      "weighted": {
        "precision": 0.7,
        "recall": 0.8,
        "f1": 0.7333333333333333
      },
      "per_class": {
        "sponge": {
          "precision": 1.0,
          "recall": 1.0,
          "f1": 1.0,
          "support": 30
        },
        "foam": {
          "precision": 0.5,
          "recall": 1.0,
          "f1": 0.6666666666666666,
          "support": 30
        },
        "wood": {
          "precision": 1.0,
          "recall": 1.0,
          "f1": 1.0,
          "support": 30
        },
        "hollow_container": {
          "precision": 0.0,
          "recall": 0.0,
          "f1": 0.0,
          "support": 30
        },
        "filled_container": {
          "precision": 1.0,
          "recall": 1.0,
          "f1": 1.0,
          "support": 30
        }
      },