{
  "split": "test",
  "block_modality": "none",
  "checkpoint": "/home/martina/Y3_Project/visuotactile/newOutput_hollow2_only_earlystop/fusion_gating_online_v2_multiseed/fusion_gating_online_v2_seed2024/best_model.pth",
  "checkpoint_epoch": 7,
  "num_samples": 71,
  "loss": 1.552551719504343,
  "mass": 1.0,
  "stiffness": 1.0,
  "material": 0.971830985915493,
  "avg_gate_score": 0.9009409471296929,
  "summary": {
    "average_accuracy": 0.9906103286384976,
    "average_macro_f1": 0.9886710239651416,
    "average_weighted_f1": 0.9908558102427198
  },
  "gate_scores": [
    0.9693482518196106,
    0.9569815993309021,
    0.9472405314445496,
    0.9488377571105957,
    0.9566664099693298,
    0.9555978775024414,
    0.9553685784339905,
    0.9622243046760559,
    0.9215874671936035,
    0.9280280470848083,
    0.9154841899871826,
    0.9217029809951782,
    0.9364201426506042,
    0.8927097916603088,
    0.876398503780365,
    0.8718186020851135,
    0.8945592641830444,
    0.89854496717453,
    0.8891463875770569,
    0.8697612285614014,
    0.8629663586616516,
    0.9440914988517761,
    0.925204873085022,
    0.9337229132652283,
    0.9243884682655334,
    0.9154527187347412,
    0.9610806703567505,
    0.9433168172836304,
    0.9501050114631653,
    0.9472123384475708,
    0.9590015411376953,
    0.9487079977989197,
    0.9540793299674988,
    0.9571362137794495,
    0.8636701703071594,
    0.8492283225059509,
    0.8550046682357788,
    0.8541151285171509,
    0.8413141369819641,
    0.848882794380188,
    0.8548101782798767,
    0.8699854612350464,
    0.8608999252319336,
    0.8517990112304688,
    0.8944199085235596,
    0.8723502159118652,
    0.8879184722900391,
    0.8707309365272522,
    0.8616662621498108,
    0.8809272050857544,
    0.8267379999160767,
    0.8505181074142456,
    0.8230934739112854,
    0.836466908454895,
    0.851553201675415,
    0.8352218866348267,
    0.8563298583030701,
    0.8353713154792786,
    0.913536787033081,
    0.93080735206604,
    0.93116295337677,
    0.9087414741516113,
    0.9133704304695129,
    0.890399694442749,
    0.9046417474746704,
    0.9005166292190552,
    0.9136707186698914,
    0.9079625606536865,
    0.911845862865448,
    0.9130444526672363,
    0.8991973996162415
  ],
  "tasks": {
    "mass": {
      "accuracy": 1.0,
      "macro": {
        "precision": 1.0,
        "recall": 1.0,
        "f1": 1.0
      },
      "weighted": {
        "precision": 1.0,
        "recall": 1.0,
        "f1": 1.0
      },
      "per_class": {
        "low": {
          "precision": 1.0,
          "recall": 1.0,
          "f1": 1.0,
          "support": 34
        },
        "medium": {
          "precision": 1.0,
          "recall": 1.0,
          "f1": 1.0,
          "support": 24
        },
        "high": {
          "precision": 1.0,
          "recall": 1.0,
          "f1": 1.0,
          "support": 13
        }
      },
      "classification_report": "              precision    recall  f1-score   support\n\n         low     1.0000    1.0000    1.0000        34\n      medium     1.0000    1.0000    1.0000        24\n        high     1.0000    1.0000    1.0000        13\n\n    accuracy                         1.0000        71\n   macro avg     1.0000    1.0000    1.0000        71\nweighted avg     1.0000    1.0000    1.0000        71\n"
    },
    "stiffness": {
      "accuracy": 1.0,
      "macro": {
        "precision": 1.0,
        "recall": 1.0,
        "f1": 1.0
      },
      "weighted": {
        "precision": 1.0,
        "recall": 1.0,
        "f1": 1.0
      },
      "per_class": {
        "very_soft": {
          "precision": 1.0,
          "recall": 1.0,
          "f1": 1.0,
          "support": 8
        },
        "soft": {
          "precision": 1.0,
          "recall": 1.0,
          "f1": 1.0,
          "support": 13
        },
        "medium": {
          "precision": 1.0,
          "recall": 1.0,
          "f1": 1.0,
          "support": 13
        },
        "rigid": {
          "precision": 1.0,
          "recall": 1.0,
          "f1": 1.0,
          "support": 37
        }
      },
      "classification_report": "              precision    recall  f1-score   support\n\n   very_soft     1.0000    1.0000    1.0000         8\n        soft     1.0000    1.0000    1.0000        13\n      medium     1.0000    1.0000    1.0000        13\n       rigid     1.0000    1.0000    1.0000        37\n\n    accuracy                         1.0000        71\n   macro avg     1.0000    1.0000    1.0000        71\nweighted avg     1.0000    1.0000    1.0000        71\n"
    },
    "material": {
      "accuracy": 0.971830985915493,
      "macro": {
        "precision": 0.96,
        "recall": 0.9777777777777779,
        "f1": 0.9660130718954247
      },
      "weighted": {
        "precision": 0.9774647887323944,
        "recall": 0.971830985915493,
        "f1": 0.9725674307281598
      },
      "per_class": {
        "sponge": {
          "precision": 1.0,
          "recall": 1.0,
          "f1": 1.0,
          "support": 8
        },
        "foam": {
          "precision": 1.0,
          "recall": 1.0,
          "f1": 1.0,
          "support": 13
        },
        "wood": {
          "precision": 1.0,
          "recall": 1.0,
          "f1": 1.0,
          "support": 24
        },
        "hollow_container": {
          "precision": 0.8,
          "recall": 1.0,
          "f1": 0.8888888888888888,
          "support": 8
        },
        "filled_container": {
          "precision": 1.0,
          "recall": 0.8888888888888888,
          "f1": 0.9411764705882353,
          "support": 18
        }
      },
      "classification_report": "                  precision    recall  f1-score   support\n\n          sponge     1.0000    1.0000    1.0000         8\n            foam     1.0000    1.0000    1.0000        13\n            wood     1.0000    1.0000    1.0000        24\nhollow_container     0.8000    1.0000    0.8889         8\nfilled_container     1.0000    0.8889    0.9412        18\n\n        accuracy                         0.9718        71\n       macro avg     0.9600    0.9778    0.9660        71\n    weighted avg     0.9775    0.9718    0.9726        71\n"
    }
  }
}