{
  "split": "ood_test",
  "block_modality": "none",
  "checkpoint": "/home/martina/Y3_Project/visuotactile/newOutput/fusion_gating_online_v2_multiseed/fusion_gating_online_v2_seed123/best_model.pth",
  "checkpoint_epoch": 7,
  "num_samples": 150,
  "loss": 1.7403955777486166,
  "mass": 1.0,
  "stiffness": 1.0,
  "material": 0.7933333333333333,
  "avg_gate_score": 0.8331725418567657,
  "summary": {
    "average_accuracy": 0.9311111111111111,
    "average_macro_f1": 0.9425855043832572,
    "average_weighted_f1": 0.9313577807959831
  },
  "gate_scores": [
    0.8357781171798706,
    0.7932237982749939,
    0.8076436519622803,
    0.8073601722717285,
    0.8165006041526794,
    0.7702261805534363,
    0.8083370923995972,
    0.8158223032951355,
    0.817095160484314,
    0.808709442615509,
    0.8196223974227905,
    0.7848519086837769,
    0.7982680201530457,
    0.7576689124107361,
    0.7575441002845764,
    0.7602159380912781,
    0.7897918224334717,
    0.8060399889945984,
    0.8098159432411194,
    0.7984470725059509,
    0.8174218535423279,
    0.7793694734573364,
    0.7784583568572998,
    0.75913006067276,
    0.8369086980819702,
    0.8350409269332886,
    0.83362877368927,
    0.7497631311416626,
    0.7962356805801392,
    0.8129006624221802,
    0.8758822679519653,
    0.8695551156997681,
    0.8863333463668823,
    0.8511390686035156,
    0.8790249228477478,
    0.8622456192970276,
    0.860727071762085,
    0.8621401190757751,
    0.843283474445343,
    0.8354419469833374,
    0.8746092915534973,
    0.850405752658844,
    0.8448019623756409,
    0.8472555875778198,
    0.848160445690155,
    0.8436171412467957,
    0.8332910537719727,
    0.8444786667823792,
    0.8463102579116821,
    0.8462429046630859,
    0.8484045267105103,
    0.8343826532363892,
    0.8414044380187988,
    0.8581859469413757,
    0.8235024213790894,
    0.8475939631462097,
    0.8449929356575012,
    0.8616217374801636,
    0.8813667297363281,
    0.8226913213729858,
    0.8233067393302917,
    0.8283430933952332,
    0.8002259135246277,
    0.7901157140731812,
    0.8174852132797241,
    0.8321385979652405,
    0.828332781791687,
    0.7956734895706177,
    0.8084231615066528,
    0.8255289196968079,
    0.8416991829872131,
    0.8035138845443726,
    0.8405095338821411,
    0.8299703001976013,
    0.8330079317092896,
    0.7972152233123779,
    0.8185306191444397,
    0.7974055409431458,
    0.833922803401947,
    0.792281985282898,
    0.7980031371116638,
    0.8270348906517029,
    0.8396654725074768,
    0.8411363363265991,
    0.8324176669120789,
    0.8226219415664673,
    0.8013378381729126,
    0.8064729571342468,
    0.7996021509170532,
    0.8274033069610596,
    0.8911089897155762,
    0.8868337869644165,
    0.86312335729599,
    0.8737197518348694,
    0.8607079982757568,
    0.8653300404548645,
    0.8311089873313904,
    0.8663065433502197,
    0.8461397886276245,
    0.8790421485900879,
    0.8540468811988831,
    0.8412222862243652,
    0.8623385429382324,
    0.8936934471130371,
    0.842322826385498,
    0.8439533710479736,
    0.859703779220581,
    0.8336116075515747,
    0.864234447479248,
    0.8729990720748901,
    0.8853557705879211,
    0.8739457130432129,
    0.8770109415054321,
    0.8731406331062317,
    0.8405245542526245,
    0.8694697618484497,
    0.8604687452316284,
    0.8505218029022217,
    0.8577278852462769,
    0.8651158809661865,
    0.823069155216217,
    0.8290358185768127,
    0.8338758945465088,
    0.8422632217407227,
    0.82582026720047,
    0.8336893320083618,
    0.835239052772522,
    0.8170968294143677,
    0.8393777012825012,
    0.8306270241737366,
    0.8528361320495605,
    0.8575667142868042,
    0.8265439867973328,
    0.8002941608428955,
    0.8587785363197327,
    0.8364092707633972,
    0.8637474179267883,
    0.8461190462112427,
    0.8320477604866028,
    0.8674330115318298,
    0.8414222598075867,
    0.792930543422699,
    0.8047454953193665,
    0.8312528133392334,
    0.8309123516082764,
    0.8221638798713684,
    0.8374367356300354,
    0.8431735634803772,
    0.8416544795036316,
    0.8292502164840698
  ],
  "tasks": {
    "mass": {
      "accuracy": 1.0,
      "macro": {
        "precision": 1.0,
        "recall": 1.0,
        "f1": 1.0
      },
      "weighted": {
        "precision": 1.0,
        "recall": 1.0,
        "f1": 1.0
      },
      "per_class": {
        "low": {
          "precision": 1.0,
          "recall": 1.0,
          "f1": 1.0,
          "support": 90
        },
        "medium": {
          "precision": 1.0,
          "recall": 1.0,
          "f1": 1.0,
          "support": 30
        },
        "high": {
          "precision": 1.0,
          "recall": 1.0,
          "f1": 1.0,
          "support": 30
        }
      },
      "classification_report": "              precision    recall  f1-score   support\n\n         low     1.0000    1.0000    1.0000        90\n      medium     1.0000    1.0000    1.0000        30\n        high     1.0000    1.0000    1.0000        30\n\n    accuracy                         1.0000       150\n   macro avg     1.0000    1.0000    1.0000       150\nweighted avg     1.0000    1.0000    1.0000       150\n"
    },
    "stiffness": {
      "accuracy": 1.0,
      "macro": {
        "precision": 1.0,
        "recall": 1.0,
        "f1": 1.0
      },
      "weighted": {
        "precision": 1.0,
        "recall": 1.0,
        "f1": 1.0
      },
      "per_class": {
        "soft": {
          "precision": 1.0,
          "recall": 1.0,
          "f1": 1.0,
          "support": 30
        },
        "medium": {
          "precision": 1.0,
          "recall": 1.0,
          "f1": 1.0,
          "support": 90
        },
        "rigid": {
          "precision": 1.0,
          "recall": 1.0,
          "f1": 1.0,
          "support": 30
        }
      },
      "classification_report": "              precision    recall  f1-score   support\n\n        soft     1.0000    1.0000    1.0000        30\n      medium     1.0000    1.0000    1.0000        90\n       rigid     1.0000    1.0000    1.0000        30\n\n    accuracy                         1.0000       150\n   macro avg     1.0000    1.0000    1.0000       150\nweighted avg     1.0000    1.0000    1.0000       150\n"
    },
    "material": {
      "accuracy": 0.7933333333333333,
      "macro": {
        "precision": 0.8648168398031711,
        "recall": 0.8666666666666667,
        "f1": 0.8277565131497716
      },
      "weighted": {
        "precision": 0.8854018589393111,
        "recall": 0.7933333333333333,
        "f1": 0.7940733423879491
      },
      "per_class": {
        "sponge": {
          "precision": 1.0,
          "recall": 1.0,
          "f1": 1.0,
          "support": 30
        },
        "foam": {
          "precision": 0.4915254237288136,
          "recall": 0.9666666666666667,
          "f1": 0.651685393258427,
          "support": 30
        },
        "wood": {
          "precision": 1.0,
          "recall": 1.0,
          "f1": 1.0,
          "support": 30
        },
        "container": {
          "precision": 0.967741935483871,
          "recall": 0.5,
          "f1": 0.6593406593406593,
          "support": 60
        }
      },
      "classification_report": "              precision    recall  f1-score   support\n\n      sponge     1.0000    1.0000    1.0000        30\n        foam     0.4915    0.9667    0.6517        30\n        wood     1.0000    1.0000    1.0000        30\n   container     0.9677    0.5000    0.6593        60\n\n    accuracy                         0.7933       150\n   macro avg     0.8648    0.8667    0.8278       150\nweighted avg     0.8854    0.7933    0.7941       150\n"
    }
  }
}