{
  "split": "test",
  "checkpoint": "/home/martina/Y3_Project/visuotactile/outputs/vision_seed789/best_model.pth",
  "checkpoint_epoch": 15,
  "num_samples": 68,
  "loss": 0.6713707099175629,
  "mass": 0.9411764705882353,
  "stiffness": 0.9411764705882353,
  "material": 0.9705882352941176,
  "summary": {
    "average_accuracy": 0.9509803921568628,
    "average_macro_f1": 0.9381211170684854,
    "average_weighted_f1": 0.9513602224515537
  },
  "tasks": {
    "mass": {
      "accuracy": 0.9411764705882353,
      "macro": {
        "precision": 0.9432692307692307,
        "recall": 0.9284188034188035,
        "f1": 0.9336201079622133
      },
      "weighted": {
        "precision": 0.9455882352941176,
        "recall": 0.9411764705882353,
        "f1": 0.9414989680082558
      },
      "per_class": {
        "very_low": {
          "precision": 0.85,
          "recall": 0.9444444444444444,
          "f1": 0.8947368421052632,
          "support": 18
        },
        "low": {
          "precision": 1.0,
          "recall": 0.8461538461538461,
          "f1": 0.9166666666666666,
          "support": 13
        },
        "medium": {
          "precision": 1.0,
          "recall": 1.0,
          "f1": 1.0,
          "support": 24
        },
        "high": {
          "precision": 0.9230769230769231,
          "recall": 0.9230769230769231,
          "f1": 0.9230769230769231,
          "support": 13
        }
      },
      "classification_report": "              precision    recall  f1-score   support\n\n    very_low     0.8500    0.9444    0.8947        18\n         low     1.0000    0.8462    0.9167        13\n      medium     1.0000    1.0000    1.0000        24\n        high     0.9231    0.9231    0.9231        13\n\n    accuracy                         0.9412        68\n   macro avg     0.9433    0.9284    0.9336        68\nweighted avg     0.9456    0.9412    0.9415        68\n"
    },
    "stiffness": {
      "accuracy": 0.9411764705882353,
      "macro": {
        "precision": 0.9182432432432432,
        "recall": 0.9297817047817047,
        "f1": 0.9196321321321321
      },
      "weighted": {
        "precision": 0.9470588235294118,
        "recall": 0.9411764705882353,
        "f1": 0.9415849673202613
      },
      "per_class": {
        "very_soft": {
          "precision": 0.8,
          "recall": 1.0,
          "f1": 0.8888888888888888,
          "support": 8
        },
        "soft": {
          "precision": 0.9,
          "recall": 0.9,
          "f1": 0.9,
          "support": 10
        },
        "medium": {
          "precision": 1.0,
          "recall": 0.8461538461538461,
          "f1": 0.9166666666666666,
          "support": 13
        },
        "rigid": {
          "precision": 0.972972972972973,
          "recall": 0.972972972972973,
          "f1": 0.972972972972973,
          "support": 37
        }
      },
      "classification_report": "              precision    recall  f1-score   support\n\n   very_soft     0.8000    1.0000    0.8889         8\n        soft     0.9000    0.9000    0.9000        10\n      medium     1.0000    0.8462    0.9167        13\n       rigid     0.9730    0.9730    0.9730        37\n\n    accuracy                         0.9412        68\n   macro avg     0.9182    0.9298    0.9196        68\nweighted avg     0.9471    0.9412    0.9416        68\n"
    },
    "material": {
      "accuracy": 0.9705882352941176,
      "macro": {
        "precision": 0.96,
        "recall": 0.9692307692307693,
        "f1": 0.961111111111111
      },
      "weighted": {
        "precision": 0.9764705882352942,
        "recall": 0.9705882352941176,
        "f1": 0.9709967320261437
      },
      "per_class": {
        "sponge": {
          "precision": 0.8,
          "recall": 1.0,
          "f1": 0.8888888888888888,
          "support": 8
        },
        "foam": {
          "precision": 1.0,
          "recall": 0.8461538461538461,
          "f1": 0.9166666666666666,
          "support": 13
        },
        "wood": {
          "precision": 1.0,
          "recall": 1.0,
          "f1": 1.0,
          "support": 24
        },
        "hollow_container": {
          "precision": 1.0,
          "recall": 1.0,
          "f1": 1.0,
          "support": 5
        },
        "filled_container": {
          "precision": 1.0,
          "recall": 1.0,
          "f1": 1.0,
          "support": 18
        }
      },
      "classification_report": "                  precision    recall  f1-score   support\n\n          sponge     0.8000    1.0000    0.8889         8\n            foam     1.0000    0.8462    0.9167        13\n            wood     1.0000    1.0000    1.0000        24\nhollow_container     1.0000    1.0000    1.0000         5\nfilled_container     1.0000    1.0000    1.0000        18\n\n        accuracy                         0.9706        68\n       macro avg     0.9600    0.9692    0.9611        68\n    weighted avg     0.9765    0.9706    0.9710        68\n"
    }
  }
}