{
  "split": "test",
  "block_modality": "none",
  "checkpoint": "/home/martina/Y3_Project/visuotactile/newOutput_hollow2_only_earlystop/fusion_gating_online_v2_multiseed/fusion_gating_online_v2_seed456/best_model.pth",
  "checkpoint_epoch": 7,
  "num_samples": 71,
  "loss": 1.4825201605407285,
  "mass": 1.0,
  "stiffness": 1.0,
  "material": 1.0,
  "avg_gate_score": 0.8583816105211285,
  "summary": {
    "average_accuracy": 1.0,
    "average_macro_f1": 1.0,
    "average_weighted_f1": 1.0
  },
  "gate_scores": [
    0.972255527973175,
    0.9683346152305603,
    0.9560659527778625,
    0.9659436345100403,
    0.9664453268051147,
    0.953099250793457,
    0.9629424810409546,
    0.97724449634552,
    0.9334599375724792,
    0.9469975233078003,
    0.91253662109375,
    0.925512433052063,
    0.9491854906082153,
    0.8269232511520386,
    0.8110120892524719,
    0.8193258047103882,
    0.8476368188858032,
    0.816157877445221,
    0.8472061157226562,
    0.8060737252235413,
    0.8123565316200256,
    0.9661304354667664,
    0.9475785493850708,
    0.935718297958374,
    0.9415985345840454,
    0.9238355755805969,
    0.7731624245643616,
    0.76227867603302,
    0.7060500979423523,
    0.7940787076950073,
    0.7738878130912781,
    0.7244795560836792,
    0.8180323839187622,
    0.8287942409515381,
    0.9093454480171204,
    0.8770217895507812,
    0.8902862071990967,
    0.8921439051628113,
    0.8501317501068115,
    0.8879489302635193,
    0.8621748089790344,
    0.8940668106079102,
    0.8639805912971497,
    0.8603596091270447,
    0.9109816551208496,
    0.8816778063774109,
    0.9034684896469116,
    0.9003958106040955,
    0.8340351581573486,
    0.8600509762763977,
    0.7981257438659668,
    0.8225183486938477,
    0.7853981852531433,
    0.7959516048431396,
    0.832229733467102,
    0.7847343683242798,
    0.8374952077865601,
    0.8095545768737793,
    0.7586473226547241,
    0.8102187514305115,
    0.784120500087738,
    0.7950074076652527,
    0.8316560983657837,
    0.7506885528564453,
    0.7740907669067383,
    0.7810049653053284,
    0.8494278788566589,
    0.8536387085914612,
    0.8362326622009277,
    0.8632182478904724,
    0.8407241702079773
  ],
  "tasks": {
    "mass": {
      "accuracy": 1.0,
      "macro": {
        "precision": 1.0,
        "recall": 1.0,
        "f1": 1.0
      },
      "weighted": {
        "precision": 1.0,
        "recall": 1.0,
        "f1": 1.0
      },
      "per_class": {
        "low": {
          "precision": 1.0,
          "recall": 1.0,
          "f1": 1.0,
          "support": 34
        },
        "medium": {
          "precision": 1.0,
          "recall": 1.0,
          "f1": 1.0,
          "support": 24
        },
        "high": {
          "precision": 1.0,
          "recall": 1.0,
          "f1": 1.0,
          "support": 13
        }
      },
      "classification_report": "              precision    recall  f1-score   support\n\n         low     1.0000    1.0000    1.0000        34\n      medium     1.0000    1.0000    1.0000        24\n        high     1.0000    1.0000    1.0000        13\n\n    accuracy                         1.0000        71\n   macro avg     1.0000    1.0000    1.0000        71\nweighted avg     1.0000    1.0000    1.0000        71\n"
    },
    "stiffness": {
      "accuracy": 1.0,
      "macro": {
        "precision": 1.0,
        "recall": 1.0,
        "f1": 1.0
      },
      "weighted": {
        "precision": 1.0,
        "recall": 1.0,
        "f1": 1.0
      },
      "per_class": {
        "very_soft": {
          "precision": 1.0,
          "recall": 1.0,
          "f1": 1.0,
          "support": 8
        },
        "soft": {
          "precision": 1.0,
          "recall": 1.0,
          "f1": 1.0,
          "support": 13
        },
        "medium": {
          "precision": 1.0,
          "recall": 1.0,
          "f1": 1.0,
          "support": 13
        },
        "rigid": {
          "precision": 1.0,
          "recall": 1.0,
          "f1": 1.0,
          "support": 37
        }
      },
      "classification_report": "              precision    recall  f1-score   support\n\n   very_soft     1.0000    1.0000    1.0000         8\n        soft     1.0000    1.0000    1.0000        13\n      medium     1.0000    1.0000    1.0000        13\n       rigid     1.0000    1.0000    1.0000        37\n\n    accuracy                         1.0000        71\n   macro avg     1.0000    1.0000    1.0000        71\nweighted avg     1.0000    1.0000    1.0000        71\n"
    },
    "material": {
      "accuracy": 1.0,
      "macro": {
        "precision": 1.0,
        "recall": 1.0,
        "f1": 1.0
      },
      "weighted": {
        "precision": 1.0,
        "recall": 1.0,
        "f1": 1.0
      },
      "per_class": {
        "sponge": {
          "precision": 1.0,
          "recall": 1.0,
          "f1": 1.0,
          "support": 8
        },
        "foam": {
          "precision": 1.0,
          "recall": 1.0,
          "f1": 1.0,
          "support": 13
        },
        "wood": {
          "precision": 1.0,
          "recall": 1.0,
          "f1": 1.0,
          "support": 24
        },
        "hollow_container": {
          "precision": 1.0,
          "recall": 1.0,
          "f1": 1.0,
          "support": 8
        },
        "filled_container": {
          "precision": 1.0,
          "recall": 1.0,
          "f1": 1.0,
          "support": 18
        }
      },
      "classification_report": "                  precision    recall  f1-score   support\n\n          sponge     1.0000    1.0000    1.0000         8\n            foam     1.0000    1.0000    1.0000        13\n            wood     1.0000    1.0000    1.0000        24\nhollow_container     1.0000    1.0000    1.0000         8\nfilled_container     1.0000    1.0000    1.0000        18\n\n        accuracy                         1.0000        71\n       macro avg     1.0000    1.0000    1.0000        71\n    weighted avg     1.0000    1.0000    1.0000        71\n"
    }
  }
}