{
  "split": "ood_test",
  "checkpoint": "/home/martina/Y3_Project/visuotactile/newOutput/singleModal/vision/standard/vision_standard_seed789/best_model.pth",
  "checkpoint_epoch": 22,
  "num_samples": 150,
  "loss": 8.423299357096354,
  "mass": 0.2733333333333333,
  "stiffness": 0.3933333333333333,
  "material": 0.12,
  "summary": {
    "average_accuracy": 0.2622222222222222,
    "average_macro_f1": 0.2011830386963881,
    "average_weighted_f1": 0.2378208456061758
  },
  "tasks": {
    "mass": {
      "accuracy": 0.2733333333333333,
      "macro": {
        "precision": 0.22059346126510304,
        "recall": 0.27777777777777773,
        "f1": 0.2336937737619118
      },
      "weighted": {
        "precision": 0.275639658848614,
        "recall": 0.2733333333333333,
        "f1": 0.26250925788772034
      },
      "per_class": {
        "low": {
          "precision": 0.3582089552238806,
          "recall": 0.26666666666666666,
          "f1": 0.3057324840764331,
          "support": 90
        },
        "medium": {
          "precision": 0.30357142857142855,
          "recall": 0.5666666666666667,
          "f1": 0.3953488372093023,
          "support": 30
        },
        "high": {
          "precision": 0.0,
          "recall": 0.0,
          "f1": 0.0,
          "support": 30
        }
      },
      "classification_report": "              precision    recall  f1-score   support\n\n         low     0.3582    0.2667    0.3057        90\n      medium     0.3036    0.5667    0.3953        30\n        high     0.0000    0.0000    0.0000        30\n\n    accuracy                         0.2733       150\n   macro avg     0.2206    0.2778    0.2337       150\nweighted avg     0.2756    0.2733    0.2625       150\n"
    },
    "stiffness": {
      "accuracy": 0.3933333333333333,
      "macro": {
        "precision": 0.24508301404853128,
        "recall": 0.3148148148148148,
        "f1": 0.26885521885521885
      },
      "weighted": {
        "precision": 0.35149425287356323,
        "recall": 0.3933333333333333,
        "f1": 0.3657575757575757
      },
      "per_class": {
        "soft": {
          "precision": 0.0,
          "recall": 0.0,
          "f1": 0.0,
          "support": 30
        },
        "medium": {
          "precision": 0.5111111111111111,
          "recall": 0.5111111111111111,
          "f1": 0.5111111111111111,
          "support": 90
        },
        "rigid": {
          "precision": 0.22413793103448276,
          "recall": 0.43333333333333335,
          "f1": 0.29545454545454547,
          "support": 30
        }
      },
      "classification_report": "              precision    recall  f1-score   support\n\n        soft     0.0000    0.0000    0.0000        30\n      medium     0.5111    0.5111    0.5111        90\n       rigid     0.2241    0.4333    0.2955        30\n\n    accuracy                         0.3933       150\n   macro avg     0.2451    0.3148    0.2689       150\nweighted avg     0.3515    0.3933    0.3658       150\n"
    },
    "material": {
      "accuracy": 0.12,
      "macro": {
        "precision": 0.080098414434117,
        "recall": 0.14583333333333334,
        "f1": 0.10100012347203358
      },
      "weighted": {
        "precision": 0.07053034445051941,
        "recall": 0.12,
        "f1": 0.08519570317323127
      },
      "per_class": {
        "sponge": {
          "precision": 0.0,
          "recall": 0.0,
          "f1": 0.0,
          "support": 30
        },
        "foam": {
          "precision": 0.0,
          "recall": 0.0,
          "f1": 0.0,
          "support": 30
        },
        "wood": {
          "precision": 0.288135593220339,
          "recall": 0.5666666666666667,
          "f1": 0.38202247191011235,
          "support": 30
        },
        "container": {
          "precision": 0.03225806451612903,
          "recall": 0.016666666666666666,
          "f1": 0.02197802197802198,
          "support": 60
        }
      },
      "classification_report": "              precision    recall  f1-score   support\n\n      sponge     0.0000    0.0000    0.0000        30\n        foam     0.0000    0.0000    0.0000        30\n        wood     0.2881    0.5667    0.3820        30\n   container     0.0323    0.0167    0.0220        60\n\n    accuracy                         0.1200       150\n   macro avg     0.0801    0.1458    0.1010       150\nweighted avg     0.0705    0.1200    0.0852       150\n"
    }
  }
}