{
  "split": "ood_test",
  "block_modality": "none",
  "checkpoint": "/home/martina/Y3_Project/visuotactile/newOutput/fusion_gating_online_v2_multiseed/fusion_gating_online_v2_seed789/best_model.pth",
  "checkpoint_epoch": 5,
  "num_samples": 150,
  "loss": 2.8946715799967446,
  "mass": 0.8666666666666667,
  "stiffness": 0.82,
  "material": 0.6466666666666666,
  "avg_gate_score": 0.9552281816800435,
  "summary": {
    "average_accuracy": 0.7777777777777777,
    "average_macro_f1": 0.7835661197346816,
    "average_weighted_f1": 0.7826198652441935
  },
  "gate_scores": [
    0.9626440405845642,
    0.9651802182197571,
    0.9653348326683044,
    0.9709041714668274,
    0.9595792293548584,
    0.9609951972961426,
    0.9558180570602417,
    0.9580708742141724,
    0.9596898555755615,
    0.9684877395629883,
    0.9595428705215454,
    0.9586607813835144,
    0.9564065933227539,
    0.9587135314941406,
    0.9520573616027832,
    0.9522512555122375,
    0.966374397277832,
    0.9662586450576782,
    0.9611109495162964,
    0.9667633175849915,
    0.9581965208053589,
    0.9595661759376526,
    0.9654759168624878,
    0.9605723023414612,
    0.9629588723182678,
    0.9608284831047058,
    0.9592865705490112,
    0.9627028107643127,
    0.9675272107124329,
    0.9594550728797913,
    0.9613844156265259,
    0.9609891772270203,
    0.9573292136192322,
    0.9535126686096191,
    0.9599498510360718,
    0.9520431160926819,
    0.9583496451377869,
    0.9593803882598877,
    0.9616983532905579,
    0.9550074934959412,
    0.963576078414917,
    0.9474764466285706,
    0.9574516415596008,
    0.9581233859062195,
    0.9540064334869385,
    0.9558358788490295,
    0.9502339959144592,
    0.9500552415847778,
    0.9590666890144348,
    0.9544438719749451,
    0.956141471862793,
    0.959147572517395,
    0.9603282809257507,
    0.9580053091049194,
    0.9538711309432983,
    0.9623480439186096,
    0.9546117782592773,
    0.9635570049285889,
    0.9632344245910645,
    0.9574812650680542,
    0.9614813923835754,
    0.9604234099388123,
    0.9649341702461243,
    0.9472610950469971,
    0.9618885517120361,
    0.960959792137146,
    0.9581063389778137,
    0.9502187371253967,
    0.9522063136100769,
    0.9597349166870117,
    0.9651257991790771,
    0.960715115070343,
    0.9659031629562378,
    0.9607075452804565,
    0.9568875432014465,
    0.9417502284049988,
    0.9558138847351074,
    0.9548846483230591,
    0.9567273259162903,
    0.9434928297996521,
    0.9591866135597229,
    0.9690957069396973,
    0.9632254242897034,
    0.9689570665359497,
    0.9580901265144348,
    0.9545544981956482,
    0.9525027871131897,
    0.9499682188034058,
    0.94989013671875,
    0.9522112607955933,
    0.9549408555030823,
    0.9565272331237793,
    0.9630113840103149,
    0.9633936882019043,
    0.9546986818313599,
    0.9609184861183167,
    0.9572158455848694,
    0.9641546010971069,
    0.9521618485450745,
    0.9652801752090454,
    0.9579893350601196,
    0.9538005590438843,
    0.9526886940002441,
    0.9577262997627258,
    0.9537374377250671,
    0.9500104188919067,
    0.9623023271560669,
    0.9433396458625793,
    0.9594529271125793,
    0.9572415351867676,
    0.9652612805366516,
    0.9575214385986328,
    0.9559252262115479,
    0.9615319967269897,
    0.9525368213653564,
    0.9577896595001221,
    0.9634754657745361,
    0.9636268615722656,
    0.9537681937217712,
    0.9628735184669495,
    0.949836254119873,
    0.9521210193634033,
    0.9502000212669373,
    0.9507419466972351,
    0.9389054775238037,
    0.9422308802604675,
    0.9412860870361328,
    0.946775496006012,
    0.9414618015289307,
    0.9441711902618408,
    0.957170844078064,
    0.9417255520820618,
    0.9293369650840759,
    0.9350237846374512,
    0.9513663649559021,
    0.9417473673820496,
    0.9499651193618774,
    0.9447990655899048,
    0.9408723711967468,
    0.9492048025131226,
    0.9449257850646973,
    0.936835527420044,
    0.9243088960647583,
    0.9435840845108032,
    0.9280449748039246,
    0.9369989633560181,
    0.9393944144248962,
    0.9328924417495728,
    0.9452134966850281,
    0.9412250518798828
  ],
  "tasks": {
    "mass": {
      "accuracy": 0.8666666666666667,
      "macro": {
        "precision": 0.8666666666666667,
        "recall": 0.9259259259259259,
        "f1": 0.875
      },
      "weighted": {
        "precision": 0.92,
        "recall": 0.8666666666666667,
        "f1": 0.875
      },
      "per_class": {
        "low": {
          "precision": 1.0,
          "recall": 0.7777777777777778,
          "f1": 0.875,
          "support": 90
        },
        "medium": {
          "precision": 0.6,
          "recall": 1.0,
          "f1": 0.75,
          "support": 30
        },
        "high": {
          "precision": 1.0,
          "recall": 1.0,
          "f1": 1.0,
          "support": 30
        }
      },
      "classification_report": "              precision    recall  f1-score   support\n\n         low     1.0000    0.7778    0.8750        90\n      medium     0.6000    1.0000    0.7500        30\n        high     1.0000    1.0000    1.0000        30\n\n    accuracy                         0.8667       150\n   macro avg     0.8667    0.9259    0.8750       150\nweighted avg     0.9200    0.8667    0.8750       150\n"
    },
    "stiffness": {
      "accuracy": 0.82,
      "macro": {
        "precision": 0.8421052631578947,
        "recall": 0.9,
        "f1": 0.8377281947261664
      },
      "weighted": {
        "precision": 0.9052631578947368,
        "recall": 0.82,
        "f1": 0.8320486815415821
      },
      "per_class": {
        "soft": {
          "precision": 1.0,
          "recall": 1.0,
          "f1": 1.0,
          "support": 30
        },
        "medium": {
          "precision": 1.0,
          "recall": 0.7,
          "f1": 0.8235294117647058,
          "support": 90
        },
        "rigid": {
          "precision": 0.5263157894736842,
          "recall": 1.0,
          "f1": 0.6896551724137931,
          "support": 30
        }
      },
      "classification_report": "              precision    recall  f1-score   support\n\n        soft     1.0000    1.0000    1.0000        30\n      medium     1.0000    0.7000    0.8235        90\n       rigid     0.5263    1.0000    0.6897        30\n\n    accuracy                         0.8200       150\n   macro avg     0.8421    0.9000    0.8377       150\nweighted avg     0.9053    0.8200    0.8320       150\n"
    },
    "material": {
      "accuracy": 0.6466666666666666,
      "macro": {
        "precision": 0.673422619047619,
        "recall": 0.6833333333333333,
        "f1": 0.6379701644778784
      },
      "weighted": {
        "precision": 0.7262380952380952,
        "recall": 0.6466666666666666,
        "f1": 0.6408109141909983
      },
      "per_class": {
        "sponge": {
          "precision": 1.0,
          "recall": 1.0,
          "f1": 1.0,
          "support": 30
        },
        "foam": {
          "precision": 0.28,
          "recall": 0.23333333333333334,
          "f1": 0.2545454545454545,
          "support": 30
        },
        "wood": {
          "precision": 0.47619047619047616,
          "recall": 1.0,
          "f1": 0.6451612903225806,
          "support": 30
        },
        "container": {
          "precision": 0.9375,
          "recall": 0.5,
          "f1": 0.6521739130434783,
          "support": 60
        }
      },
      "classification_report": "              precision    recall  f1-score   support\n\n      sponge     1.0000    1.0000    1.0000        30\n        foam     0.2800    0.2333    0.2545        30\n        wood     0.4762    1.0000    0.6452        30\n   container     0.9375    0.5000    0.6522        60\n\n    accuracy                         0.6467       150\n   macro avg     0.6734    0.6833    0.6380       150\nweighted avg     0.7262    0.6467    0.6408       150\n"
    }
  }
}