{
  "split": "ood_test",
  "block_modality": "none",
  "checkpoint": "/home/martina/Y3_Project/visuotactile/newOutput/fusion_gating_online_v2_multiseed/fusion_gating_online_v2_seed2024/best_model.pth",
  "checkpoint_epoch": 5,
  "num_samples": 150,
  "loss": 2.0938789304097494,
  "mass": 1.0,
  "stiffness": 1.0,
  "material": 0.7733333333333333,
  "avg_gate_score": 0.9111307259400686,
  "summary": {
    "average_accuracy": 0.9244444444444445,
    "average_macro_f1": 0.9369124195942602,
    "average_weighted_f1": 0.9254164604981033
  },
  "gate_scores": [
    0.9217774271965027,
    0.9275217652320862,
    0.9215137362480164,
    0.9206933975219727,
    0.9142091870307922,
    0.9157904982566833,
    0.9006645083427429,
    0.9093632102012634,
    0.9057192802429199,
    0.9141585826873779,
    0.9139584898948669,
    0.9042339324951172,
    0.9026948809623718,
    0.9147011637687683,
    0.9097879528999329,
    0.9049826264381409,
    0.9316300749778748,
    0.9164260029792786,
    0.898382306098938,
    0.912990927696228,
    0.8921672701835632,
    0.8916674852371216,
    0.9205208420753479,
    0.9241887331008911,
    0.9007827639579773,
    0.9008939266204834,
    0.8947126269340515,
    0.9164830446243286,
    0.9101986885070801,
    0.9167615175247192,
    0.930381715297699,
    0.9284310936927795,
    0.9312531352043152,
    0.9203891754150391,
    0.929485559463501,
    0.9147943258285522,
    0.9236079454421997,
    0.9205435514450073,
    0.9202060699462891,
    0.9176506400108337,
    0.9272278547286987,
    0.9101585149765015,
    0.9253373742103577,
    0.923816442489624,
    0.9130963683128357,
    0.9267049431800842,
    0.9193528294563293,
    0.9132671356201172,
    0.9177325963973999,
    0.9161045551300049,
    0.9095856547355652,
    0.9138245582580566,
    0.9261384010314941,
    0.9345098733901978,
    0.91660475730896,
    0.9244080185890198,
    0.9204972386360168,
    0.9230710864067078,
    0.9220161437988281,
    0.9081823825836182,
    0.9229046702384949,
    0.9231404662132263,
    0.9079187512397766,
    0.9018076062202454,
    0.9152650237083435,
    0.9130647778511047,
    0.9312475323677063,
    0.8968522548675537,
    0.9095087051391602,
    0.9020761251449585,
    0.9308558702468872,
    0.913707435131073,
    0.9273127913475037,
    0.9130868315696716,
    0.910478413105011,
    0.8968591690063477,
    0.9120482206344604,
    0.9088791012763977,
    0.8946751356124878,
    0.9044299125671387,
    0.9170543551445007,
    0.905877411365509,
    0.93040531873703,
    0.9295071959495544,
    0.9012070298194885,
    0.9124463796615601,
    0.908700704574585,
    0.9017879962921143,
    0.8960157632827759,
    0.8978003263473511,
    0.9180595874786377,
    0.923775851726532,
    0.933740496635437,
    0.9376198053359985,
    0.9202449917793274,
    0.9248772263526917,
    0.9096649289131165,
    0.9341493844985962,
    0.9139537811279297,
    0.9383796453475952,
    0.93067866563797,
    0.921853244304657,
    0.9144171476364136,
    0.9215136766433716,
    0.9238495230674744,
    0.9128212332725525,
    0.9290387034416199,
    0.898698091506958,
    0.9275688529014587,
    0.9215222597122192,
    0.9300827383995056,
    0.918844997882843,
    0.9171693325042725,
    0.9312030076980591,
    0.9209741950035095,
    0.9276275038719177,
    0.9271412491798401,
    0.9316253662109375,
    0.9213284254074097,
    0.9313859939575195,
    0.9109201431274414,
    0.916065514087677,
    0.8997388482093811,
    0.9031552672386169,
    0.8919489979743958,
    0.8927447199821472,
    0.881770133972168,
    0.8741719126701355,
    0.8789411187171936,
    0.8931955695152283,
    0.9124706983566284,
    0.8857925534248352,
    0.8816057443618774,
    0.8865557909011841,
    0.8852720856666565,
    0.8914374113082886,
    0.8965027928352356,
    0.8849404454231262,
    0.8920564651489258,
    0.8820286989212036,
    0.8702818155288696,
    0.8778237700462341,
    0.8814576864242554,
    0.8957492709159851,
    0.8645211458206177,
    0.8785502910614014,
    0.8664319515228271,
    0.8838616609573364,
    0.8930040001869202,
    0.9079244136810303
  ],
  "tasks": {
    "mass": {
      "accuracy": 1.0,
      "macro": {
        "precision": 1.0,
        "recall": 1.0,
        "f1": 1.0
      },
      "weighted": {
        "precision": 1.0,
        "recall": 1.0,
        "f1": 1.0
      },
      "per_class": {
        "low": {
          "precision": 1.0,
          "recall": 1.0,
          "f1": 1.0,
          "support": 90
        },
        "medium": {
          "precision": 1.0,
          "recall": 1.0,
          "f1": 1.0,
          "support": 30
        },
        "high": {
          "precision": 1.0,
          "recall": 1.0,
          "f1": 1.0,
          "support": 30
        }
      },
      "classification_report": "              precision    recall  f1-score   support\n\n         low     1.0000    1.0000    1.0000        90\n      medium     1.0000    1.0000    1.0000        30\n        high     1.0000    1.0000    1.0000        30\n\n    accuracy                         1.0000       150\n   macro avg     1.0000    1.0000    1.0000       150\nweighted avg     1.0000    1.0000    1.0000       150\n"
    },
    "stiffness": {
      "accuracy": 1.0,
      "macro": {
        "precision": 1.0,
        "recall": 1.0,
        "f1": 1.0
      },
      "weighted": {
        "precision": 1.0,
        "recall": 1.0,
        "f1": 1.0
      },
      "per_class": {
        "soft": {
          "precision": 1.0,
          "recall": 1.0,
          "f1": 1.0,
          "support": 30
        },
        "medium": {
          "precision": 1.0,
          "recall": 1.0,
          "f1": 1.0,
          "support": 90
        },
        "rigid": {
          "precision": 1.0,
          "recall": 1.0,
          "f1": 1.0,
          "support": 30
        }
      },
      "classification_report": "              precision    recall  f1-score   support\n\n        soft     1.0000    1.0000    1.0000        30\n      medium     1.0000    1.0000    1.0000        90\n       rigid     1.0000    1.0000    1.0000        30\n\n    accuracy                         1.0000       150\n   macro avg     1.0000    1.0000    1.0000       150\nweighted avg     1.0000    1.0000    1.0000       150\n"
    },
    "material": {
      "accuracy": 0.7733333333333333,
      "macro": {
        "precision": 0.8366596638655462,
        "recall": 0.8416666666666667,
        "f1": 0.8107372587827808
      },
      "weighted": {
        "precision": 0.8457983193277311,
        "recall": 0.7733333333333333,
        "f1": 0.7762493814943097
      },
      "per_class": {
        "sponge": {
          "precision": 1.0,
          "recall": 1.0,
          "f1": 1.0,
          "support": 30
        },
        "foam": {
          "precision": 0.4642857142857143,
          "recall": 0.8666666666666667,
          "f1": 0.6046511627906976,
          "support": 30
        },
        "wood": {
          "precision": 1.0,
          "recall": 1.0,
          "f1": 1.0,
          "support": 30
        },
        "container": {
          "precision": 0.8823529411764706,
          "recall": 0.5,
          "f1": 0.6382978723404256,
          "support": 60
        }
      },
      "classification_report": "              precision    recall  f1-score   support\n\n      sponge     1.0000    1.0000    1.0000        30\n        foam     0.4643    0.8667    0.6047        30\n        wood     1.0000    1.0000    1.0000        30\n   container     0.8824    0.5000    0.6383        60\n\n    accuracy                         0.7733       150\n   macro avg     0.8367    0.8417    0.8107       150\nweighted avg     0.8458    0.7733    0.7762       150\n"
    }
  }
}