{
  "Fusion Gating (entropy)": {
    "eval_test": {
      "mass": {
        "mean": 1.0,
        "std": 0.0
      },
      "stiffness": {
        "mean": 1.0,
        "std": 0.0
      },
      "material": {
        "mean": 0.9970588235294118,
        "std": 0.00588235294117645
      },
      "avg": {
        "mean": 0.9990196078431373,
        "std": 0.0019607843137254832
      },
      "avg_gate_score": {
        "mean": 0.8533381647923415,
        "std": 0.07921544842935871
      }
    },
    "eval_ood_test": {
      "mass": {
        "mean": 1.0,
        "std": 0.0
      },
      "stiffness": {
        "mean": 0.9933333333333334,
        "std": 0.009718253158075509
      },
      "material": {
        "mean": 0.9983333333333334,
        "std": 0.003333333333333322
      },
      "avg": {
        "mean": 0.9972222222222221,
        "std": 0.0035136418446315197
      },
      "avg_gate_score": {
        "mean": 0.8579960416754085,
        "std": 0.10435055469489585
      }
    }
  },
  "Fusion Gating (entropy, old)": {
    "eval_test": {
      "mass": {
        "mean": 1.0,
        "std": 0.0
      },
      "stiffness": {
        "mean": 1.0,
        "std": 0.0
      },
      "material": {
        "mean": 1.0,
        "std": 0.0
      },
      "avg": {
        "mean": 1.0,
        "std": 0.0
      },
      "avg_gate_score": {
        "mean": 0.8057188488981304,
        "std": 0.11335826494535105
      }
    },
    "eval_ood_test": {
      "mass": {
        "mean": 0.9566666666666667,
        "std": 0.08666666666666667
      },
      "stiffness": {
        "mean": 0.9433333333333334,
        "std": 0.09300537618869138
      },
      "material": {
        "mean": 0.9483333333333335,
        "std": 0.09521904571390467
      },
      "avg": {
        "mean": 0.9494444444444443,
        "std": 0.09153020145163991
      },
      "avg_gate_score": {
        "mean": 0.7956915331880252,
        "std": 0.13780961642952305
      }
    }
  },
  "Standard Fusion": {
    "eval_test": {
      "mass": {
        "mean": 1.0,
        "std": 0.0
      },
      "stiffness": {
        "mean": 1.0,
        "std": 0.0
      },
      "material": {
        "mean": 0.9852941176470589,
        "std": 0.0186016332951081
      },
      "avg": {
        "mean": 0.9950980392156863,
        "std": 0.006200544431702683
      }
    },
    "eval_ood_test": {
      "mass": {
        "mean": 0.8899999999999999,
        "std": 0.08422852512328852
      },
      "stiffness": {
        "mean": 0.915,
        "std": 0.06064468466220085
      },
      "material": {
        "mean": 0.8933333333333333,
        "std": 0.07367345368433446
      },
      "avg": {
        "mean": 0.8994444444444444,
        "std": 0.06999559069005261
      }
    }
  },
  "Vision Only": {
    "eval_test": {
      "mass": {
        "mean": 0.9470588235294117,
        "std": 0.01176470588235295
      },
      "stiffness": {
        "mean": 0.9294117647058824,
        "std": 0.011004874666982177
      },
      "material": {
        "mean": 0.9852941176470589,
        "std": 0.0
      },
      "avg": {
        "mean": 0.9539215686274509,
        "std": 0.007336583111321428
      }
    },
    "eval_ood_test": {
      "mass": {
        "mean": 0.1716666666666667,
        "std": 0.06553201083779167
      },
      "stiffness": {
        "mean": 0.17833333333333332,
        "std": 0.06843488389215938
      },
      "material": {
        "mean": 0.19,
        "std": 0.051478150704935
      },
      "avg": {
        "mean": 0.18,
        "std": 0.06164914666036033
      }
    }
  },
  "Tactile Only": {
    "eval_test": {
      "mass": {
        "mean": 1.0,
        "std": 0.0
      },
      "stiffness": {
        "mean": 0.9205882352941177,
        "std": 0.02389423060187047
      },
      "material": {
        "mean": 0.9,
        "std": 0.023529411764705896
      },
      "avg": {
        "mean": 0.9401960784313725,
        "std": 0.014997116216449452
      }
    },
    "eval_ood_test": {
      "mass": {
        "mean": 1.0,
        "std": 0.0
      },
      "stiffness": {
        "mean": 0.7950000000000002,
        "std": 0.025603819159562023
      },
      "material": {
        "mean": 0.8716666666666667,
        "std": 0.052334394893691974
      },
      "avg": {
        "mean": 0.888888888888889,
        "std": 0.02263505420829267
      }
    }
  }
}