{
  "split": "test",
  "block_modality": "visual",
  "checkpoint": "visuotactile/outputs/fusion_model_tactileOnly/best_model.pth",
  "checkpoint_epoch": 16,
  "num_samples": 68,
  "loss": 0.66633566929137,
  "mass": 0.9411764705882353,
  "stiffness": 0.9411764705882353,
  "material": 0.8970588235294118,
  "summary": {
    "average_accuracy": 0.926470588235294,
    "average_macro_f1": 0.8938997821350764,
    "average_weighted_f1": 0.9244544222917925
  },
  "tasks": {
    "mass": {
      "accuracy": 0.9411764705882353,
      "macro": {
        "precision": 0.934375,
        "recall": 0.9391025641025641,
        "f1": 0.9348739495798319
      },
      "weighted": {
        "precision": 0.9452205882352942,
        "recall": 0.9411764705882353,
        "f1": 0.9415472071181414
      },
      "per_class": {
        "very_low": {
          "precision": 0.9375,
          "recall": 0.8333333333333334,
          "f1": 0.8823529411764706,
          "support": 18
        },
        "low": {
          "precision": 0.8,
          "recall": 0.9230769230769231,
          "f1": 0.8571428571428571,
          "support": 13
        },
        "medium": {
          "precision": 1.0,
          "recall": 1.0,
          "f1": 1.0,
          "support": 24
        },
        "high": {
          "precision": 1.0,
          "recall": 1.0,
          "f1": 1.0,
          "support": 13
        }
      },
      "classification_report": "              precision    recall  f1-score   support\n\n    very_low     0.9375    0.8333    0.8824        18\n         low     0.8000    0.9231    0.8571        13\n      medium     1.0000    1.0000    1.0000        24\n        high     1.0000    1.0000    1.0000        13\n\n    accuracy                         0.9412        68\n   macro avg     0.9344    0.9391    0.9349        68\nweighted avg     0.9452    0.9412    0.9415        68\n"
    },
    "stiffness": {
      "accuracy": 0.9411764705882353,
      "macro": {
        "precision": 0.91875,
        "recall": 0.9057692307692308,
        "f1": 0.9087301587301587
      },
      "weighted": {
        "precision": 0.9433823529411766,
        "recall": 0.9411764705882353,
        "f1": 0.9400093370681607
      },
      "per_class": {
        "very_soft": {
          "precision": 1.0,
          "recall": 1.0,
          "f1": 1.0,
          "support": 8
        },
        "soft": {
          "precision": 0.875,
          "recall": 0.7,
          "f1": 0.7777777777777778,
          "support": 10
        },
        "medium": {
          "precision": 0.8,
          "recall": 0.9230769230769231,
          "f1": 0.8571428571428571,
          "support": 13
        },
        "rigid": {
          "precision": 1.0,
          "recall": 1.0,
          "f1": 1.0,
          "support": 37
        }
      },
      "classification_report": "              precision    recall  f1-score   support\n\n   very_soft     1.0000    1.0000    1.0000         8\n        soft     0.8750    0.7000    0.7778        10\n      medium     0.8000    0.9231    0.8571        13\n       rigid     1.0000    1.0000    1.0000        37\n\n    accuracy                         0.9412        68\n   macro avg     0.9187    0.9058    0.9087        68\nweighted avg     0.9434    0.9412    0.9400        68\n"
    },
    "material": {
      "accuracy": 0.8970588235294118,
      "macro": {
        "precision": 0.86,
        "recall": 0.8312820512820513,
        "f1": 0.8380952380952381
      },
      "weighted": {
        "precision": 0.8931372549019608,
        "recall": 0.8970588235294118,
        "f1": 0.8918067226890756
      },
      "per_class": {
        "sponge": {
          "precision": 1.0,
          "recall": 1.0,
          "f1": 1.0,
          "support": 8
        },
        "foam": {
          "precision": 0.8,
          "recall": 0.9230769230769231,
          "f1": 0.8571428571428571,
          "support": 13
        },
        "wood": {
          "precision": 1.0,
          "recall": 1.0,
          "f1": 1.0,
          "support": 24
        },
        "hollow_container": {
          "precision": 0.6666666666666666,
          "recall": 0.4,
          "f1": 0.5,
          "support": 5
        },
        "filled_container": {
          "precision": 0.8333333333333334,
          "recall": 0.8333333333333334,
          "f1": 0.8333333333333334,
          "support": 18
        }
      },
      "classification_report": "                  precision    recall  f1-score   support\n\n          sponge     1.0000    1.0000    1.0000         8\n            foam     0.8000    0.9231    0.8571        13\n            wood     1.0000    1.0000    1.0000        24\nhollow_container     0.6667    0.4000    0.5000         5\nfilled_container     0.8333    0.8333    0.8333        18\n\n        accuracy                         0.8971        68\n       macro avg     0.8600    0.8313    0.8381        68\n    weighted avg     0.8931    0.8971    0.8918        68\n"
    }
  }
}