{
  "split": "ood_test",
  "checkpoint": "/home/martina/Y3_Project/visuotactile/outputs/tactile_seed456/best_model.pth",
  "checkpoint_epoch": 47,
  "num_samples": 120,
  "loss": 3.921316543687135,
  "mass": 0.775,
  "stiffness": 0.8,
  "material": 0.775,
  "summary": {
    "average_accuracy": 0.7833333333333333,
    "average_macro_f1": 0.6356702277837866,
    "average_weighted_f1": 0.768375510795317
  },
  "tasks": {
    "mass": {
      "accuracy": 0.775,
      "macro": {
        "precision": 0.8707386363636364,
        "recall": 0.7750000000000001,
        "f1": 0.7312139538796609
      },
      "weighted": {
        "precision": 0.8707386363636364,
        "recall": 0.775,
        "f1": 0.7312139538796608
      },
      "per_class": {
        "very_low": {
          "precision": 0.5454545454545454,
          "recall": 1.0,
          "f1": 0.7058823529411765,
          "support": 30
        },
        "low": {
          "precision": 1.0,
          "recall": 0.16666666666666666,
          "f1": 0.2857142857142857,
          "support": 30
        },
        "medium": {
          "precision": 0.9375,
          "recall": 1.0,
          "f1": 0.967741935483871,
          "support": 30
        },
        "high": {
          "precision": 1.0,
          "recall": 0.9333333333333333,
          "f1": 0.9655172413793104,
          "support": 30
        }
      },
      "classification_report": "              precision    recall  f1-score   support\n\n    very_low     0.5455    1.0000    0.7059        30\n         low     1.0000    0.1667    0.2857        30\n      medium     0.9375    1.0000    0.9677        30\n        high     1.0000    0.9333    0.9655        30\n\n    accuracy                         0.7750       120\n   macro avg     0.8707    0.7750    0.7312       120\nweighted avg     0.8707    0.7750    0.7312       120\n"
    },
    "stiffness": {
      "accuracy": 0.8,
      "macro": {
        "precision": 0.75,
        "recall": 0.55,
        "f1": 0.5833333333333333
      },
      "weighted": {
        "precision": 1.0,
        "recall": 0.8,
        "f1": 0.8333333333333334
      },
      "per_class": {
        "very_soft": {
          "precision": 1.0,
          "recall": 1.0,
          "f1": 1.0,
          "support": 30
        },
        "soft": {
          "precision": 0.0,
          "recall": 0.0,
          "f1": 0.0,
          "support": 0
        },
        "medium": {
          "precision": 1.0,
          "recall": 0.2,
          "f1": 0.3333333333333333,
          "support": 30
        },
        "rigid": {
          "precision": 1.0,
          "recall": 1.0,
          "f1": 1.0,
          "support": 60
        }
      },
      "classification_report": "              precision    recall  f1-score   support\n\n   very_soft     1.0000    1.0000    1.0000        30\n        soft     0.0000    0.0000    0.0000         0\n      medium     1.0000    0.2000    0.3333        30\n       rigid     1.0000    1.0000    1.0000        60\n\n    accuracy                         0.8000       120\n   macro avg     0.7500    0.5500    0.5833       120\nweighted avg     1.0000    0.8000    0.8333       120\n"
    },
    "material": {
      "accuracy": 0.775,
      "macro": {
        "precision": 0.7017857142857142,
        "recall": 0.6200000000000001,
        "f1": 0.5924633961383655
      },
      "weighted": {
        "precision": 0.8772321428571428,
        "recall": 0.775,
        "f1": 0.7405792451729568
      },
      "per_class": {
        "sponge": {
          "precision": 1.0,
          "recall": 1.0,
          "f1": 1.0,
          "support": 30
        },
        "foam": {
          "precision": 1.0,
          "recall": 0.16666666666666666,
          "f1": 0.2857142857142857,
          "support": 30
        },
        "wood": {
          "precision": 0.9375,
          "recall": 1.0,
          "f1": 0.967741935483871,
          "support": 30
        },
        "hollow_container": {
          "precision": 0.0,
          "recall": 0.0,
          "f1": 0.0,
          "support": 0
        },
        "filled_container": {
          "precision": 0.5714285714285714,
          "recall": 0.9333333333333333,
          "f1": 0.7088607594936709,
          "support": 30
        }
      },
      "classification_report": "                  precision    recall  f1-score   support\n\n          sponge     1.0000    1.0000    1.0000        30\n            foam     1.0000    0.1667    0.2857        30\n            wood     0.9375    1.0000    0.9677        30\nhollow_container     0.0000    0.0000    0.0000         0\nfilled_container     0.5714    0.9333    0.7089        30\n\n        accuracy                         0.7750       120\n       macro avg     0.7018    0.6200    0.5925       120\n    weighted avg     0.8772    0.7750    0.7406       120\n"
    }
  }
}