{
  "split": "ood_test",
  "checkpoint": "/home/martina/Y3_Project/visuotactile/outputs/vision_seed789/best_model.pth",
  "checkpoint_epoch": 15,
  "num_samples": 120,
  "loss": 16.969621976216633,
  "mass": 0.08333333333333333,
  "stiffness": 0.16666666666666666,
  "material": 0.11666666666666667,
  "summary": {
    "average_accuracy": 0.12222222222222223,
    "average_macro_f1": 0.07248490341448087,
    "average_weighted_f1": 0.10259472752430498
  },
  "tasks": {
    "mass": {
      "accuracy": 0.08333333333333333,
      "macro": {
        "precision": 0.06097560975609756,
        "recall": 0.08333333333333333,
        "f1": 0.07042253521126761
      },
      "weighted": {
        "precision": 0.06097560975609755,
        "recall": 0.08333333333333333,
        "f1": 0.07042253521126761
      },
      "per_class": {
        "very_low": {
          "precision": 0.0,
          "recall": 0.0,
          "f1": 0.0,
          "support": 30
        },
        "low": {
          "precision": 0.0,
          "recall": 0.0,
          "f1": 0.0,
          "support": 30
        },
        "medium": {
          "precision": 0.24390243902439024,
          "recall": 0.3333333333333333,
          "f1": 0.28169014084507044,
          "support": 30
        },
        "high": {
          "precision": 0.0,
          "recall": 0.0,
          "f1": 0.0,
          "support": 30
        }
      },
      "classification_report": "              precision    recall  f1-score   support\n\n    very_low     0.0000    0.0000    0.0000        30\n         low     0.0000    0.0000    0.0000        30\n      medium     0.2439    0.3333    0.2817        30\n        high     0.0000    0.0000    0.0000        30\n\n    accuracy                         0.0833       120\n   macro avg     0.0610    0.0833    0.0704       120\nweighted avg     0.0610    0.0833    0.0704       120\n"
    },
    "stiffness": {
      "accuracy": 0.16666666666666666,
      "macro": {
        "precision": 0.0625,
        "recall": 0.08333333333333333,
        "f1": 0.07142857142857142
      },
      "weighted": {
        "precision": 0.125,
        "recall": 0.16666666666666666,
        "f1": 0.14285714285714285
      },
      "per_class": {
        "very_soft": {
          "precision": 0.0,
          "recall": 0.0,
          "f1": 0.0,
          "support": 30
        },
        "soft": {
          "precision": 0.0,
          "recall": 0.0,
          "f1": 0.0,
          "support": 0
        },
        "medium": {
          "precision": 0.0,
          "recall": 0.0,
          "f1": 0.0,
          "support": 30
        },
        "rigid": {
          "precision": 0.25,
          "recall": 0.3333333333333333,
          "f1": 0.2857142857142857,
          "support": 60
        }
      },
      "classification_report": "              precision    recall  f1-score   support\n\n   very_soft     0.0000    0.0000    0.0000        30\n        soft     0.0000    0.0000    0.0000         0\n      medium     0.0000    0.0000    0.0000        30\n       rigid     0.2500    0.3333    0.2857        60\n\n    accuracy                         0.1667       120\n   macro avg     0.0625    0.0833    0.0714       120\nweighted avg     0.1250    0.1667    0.1429       120\n"
    },
    "material": {
      "accuracy": 0.11666666666666667,
      "macro": {
        "precision": 0.06353535353535353,
        "recall": 0.09333333333333334,
        "f1": 0.0756036036036036
      },
      "weighted": {
        "precision": 0.07941919191919192,
        "recall": 0.11666666666666667,
        "f1": 0.09450450450450451
      },
      "per_class": {
        "sponge": {
          "precision": 0.0,
          "recall": 0.0,
          "f1": 0.0,
          "support": 30
        },
        "foam": {
          "precision": 0.0,
          "recall": 0.0,
          "f1": 0.0,
          "support": 30
        },
        "wood": {
          "precision": 0.29545454545454547,
          "recall": 0.43333333333333335,
          "f1": 0.35135135135135137,
          "support": 30
        },
        "hollow_container": {
          "precision": 0.0,
          "recall": 0.0,
          "f1": 0.0,
          "support": 0
        },
        "filled_container": {
          "precision": 0.022222222222222223,
          "recall": 0.03333333333333333,
          "f1": 0.02666666666666667,
          "support": 30
        }
      },
      "classification_report": "                  precision    recall  f1-score   support\n\n          sponge     0.0000    0.0000    0.0000        30\n            foam     0.0000    0.0000    0.0000        30\n            wood     0.2955    0.4333    0.3514        30\nhollow_container     0.0000    0.0000    0.0000         0\nfilled_container     0.0222    0.0333    0.0267        30\n\n        accuracy                         0.1167       120\n       macro avg     0.0635    0.0933    0.0756       120\n    weighted avg     0.0794    0.1167    0.0945       120\n"
    }
  }
}