{
  "Fusion": {
    "eval_test": {
      "mass": {
        "mean": 1.0,
        "std": 0.0,
        "values": [
          1.0,
          1.0,
          1.0,
          1.0,
          1.0
        ]
      },
      "stiffness": {
        "mean": 1.0,
        "std": 0.0,
        "values": [
          1.0,
          1.0,
          1.0,
          1.0,
          1.0
        ]
      },
      "material": {
        "mean": 0.9852941176470589,
        "std": 0.0186016332951081,
        "values": [
          1.0,
          0.9558823529411765,
          0.9705882352941176,
          1.0,
          1.0
        ]
      },
      "loss": {
        "mean": 0.22051068965126483,
        "std": 0.14549694010177738,
        "values": [
          0.05071979366681155,
          0.43157050890081067,
          0.3510341679348665,
          0.15303878310848684,
          0.11619019464534872
        ]
      },
      "avg": {
        "mean": 0.9950980392156863,
        "std": 0.006200544431702683,
        "values": [
          1.0,
          0.9852941176470589,
          0.9901960784313726,
          1.0,
          1.0
        ]
      }
    },
    "eval_ood_test": {
      "mass": {
        "mean": 0.8899999999999999,
        "std": 0.08422852512328852,
        "values": [
          0.975,
          0.7833333333333333,
          0.825,
          0.8666666666666667,
          1.0
        ]
      },
      "stiffness": {
        "mean": 0.915,
        "std": 0.06064468466220085,
        "values": [
          0.9666666666666667,
          0.85,
          0.9083333333333333,
          0.85,
          1.0
        ]
      },
      "material": {
        "mean": 0.8933333333333333,
        "std": 0.07367345368433446,
        "values": [
          0.9666666666666667,
          0.8416666666666667,
          0.8,
          0.8666666666666667,
          0.9916666666666667
        ]
      },
      "loss": {
        "mean": 0.6737147291501363,
        "std": 0.3702470436421312,
        "values": [
          0.2527855118115743,
          0.9925031761328379,
          1.0134947578112283,
          0.9174693753321965,
          0.19232082466284434
        ]
      },
      "avg": {
        "mean": 0.8994444444444444,
        "std": 0.06999559069005261,
        "values": [
          0.9694444444444444,
          0.8250000000000001,
          0.8444444444444444,
          0.8611111111111112,
          0.9972222222222222
        ]
      }
    }
  },
  "Vision": {
    "eval_test": {
      "mass": {
        "mean": 0.9382352941176471,
        "std": 0.01950955759032588,
        "values": [
          0.9117647058823529,
          0.9705882352941176,
          0.9264705882352942,
          0.9411764705882353,
          0.9411764705882353
        ]
      },
      "stiffness": {
        "mean": 0.9411764705882353,
        "std": 0.018601633295108118,
        "values": [
          0.9117647058823529,
          0.9705882352941176,
          0.9411764705882353,
          0.9411764705882353,
          0.9411764705882353
        ]
      },
      "material": {
        "mean": 0.9794117647058824,
        "std": 0.01176470588235295,
        "values": [
          0.9705882352941176,
          0.9852941176470589,
          0.9705882352941176,
          0.9705882352941176,
          1.0
        ]
      },
      "loss": {
        "mean": 0.4965407122638735,
        "std": 0.14286626919125053,
        "values": [
          0.5970221779802266,
          0.27128226835938063,
          0.54006266131011,
          0.6713707099175629,
          0.4029657437520869
        ]
      },
      "avg": {
        "mean": 0.9529411764705882,
        "std": 0.014738525861149956,
        "values": [
          0.9313725490196078,
          0.9754901960784315,
          0.9460784313725491,
          0.9509803921568628,
          0.9607843137254902
        ]
      }
    },
    "eval_ood_test": {
      "mass": {
        "mean": 0.195,
        "std": 0.057879184513951125,
        "values": [
          0.225,
          0.25,
          0.20833333333333334,
          0.08333333333333333,
          0.20833333333333334
        ]
      },
      "stiffness": {
        "mean": 0.21333333333333332,
        "std": 0.031001792062897132,
        "values": [
          0.23333333333333334,
          0.25833333333333336,
          0.20833333333333334,
          0.16666666666666666,
          0.2
        ]
      },
      "material": {
        "mean": 0.2066666666666667,
        "std": 0.04784233364802442,
        "values": [
          0.225,
          0.25833333333333336,
          0.20833333333333334,
          0.11666666666666667,
          0.225
        ]
      },
      "loss": {
        "mean": 15.22909333626429,
        "std": 2.053770088592883,
        "values": [
          15.167893373966217,
          11.40527990659078,
          17.054899223645528,
          16.969621976216633,
          15.547772200902303
        ]
      },
      "avg": {
        "mean": 0.205,
        "std": 0.044666113871648386,
        "values": [
          0.22777777777777777,
          0.25555555555555554,
          0.20833333333333334,
          0.12222222222222223,
          0.2111111111111111
        ]
      }
    }
  },
  "Tactile": {
    "eval_test": {
      "mass": {
        "mean": 0.9558823529411764,
        "std": 0.013153341044116413,
        "values": [
          0.9411764705882353,
          0.9705882352941176,
          0.9705882352941176,
          0.9558823529411765,
          0.9411764705882353
        ]
      },
      "stiffness": {
        "mean": 0.9588235294117646,
        "std": 0.011004874666982177,
        "values": [
          0.9411764705882353,
          0.9705882352941176,
          0.9705882352941176,
          0.9558823529411765,
          0.9558823529411765
        ]
      },
      "material": {
        "mean": 0.9558823529411764,
        "std": 0.02278225497769069,
        "values": [
          0.9117647058823529,
          0.9558823529411765,
          0.9705882352941176,
          0.9705882352941176,
          0.9705882352941176
        ]
      },
      "loss": {
        "mean": 0.5730320220977506,
        "std": 0.2543125425528864,
        "values": [
          1.0338341055766624,
          0.4118851709234364,
          0.43913525296375155,
          0.3267496083589161,
          0.6535559726659866
        ]
      },
      "avg": {
        "mean": 0.9568627450980391,
        "std": 0.013655282624690348,
        "values": [
          0.9313725490196078,
          0.9656862745098039,
          0.9705882352941176,
          0.9607843137254902,
          0.9558823529411765
        ]
      }
    },
    "eval_ood_test": {
      "mass": {
        "mean": 0.79,
        "std": 0.01855921454276673,
        "values": [
          0.8083333333333333,
          0.775,
          0.775,
          0.775,
          0.8166666666666667
        ]
      },
      "stiffness": {
        "mean": 0.7966666666666666,
        "std": 0.015456030825826169,
        "values": [
          0.8083333333333333,
          0.7833333333333333,
          0.8,
          0.775,
          0.8166666666666667
        ]
      },
      "material": {
        "mean": 0.7916666666666666,
        "std": 0.017480147469502515,
        "values": [
          0.8083333333333333,
          0.775,
          0.775,
          0.7833333333333333,
          0.8166666666666667
        ]
      },
      "loss": {
        "mean": 3.2260340421708924,
        "std": 0.4209203601567302,
        "values": [
          2.9967857371394833,
          3.499324167892337,
          3.921316543687135,
          2.8254729637876155,
          2.8872707983478905
        ]
      },
      "avg": {
        "mean": 0.7927777777777778,
        "std": 0.0164429428743875,
        "values": [
          0.8083333333333332,
          0.7777777777777778,
          0.7833333333333333,
          0.7777777777777778,
          0.8166666666666668
        ]
      }
    }
  }
}