{
  "split": "test",
  "block_modality": "none",
  "checkpoint": "/home/martina/Y3_Project/visuotactile/newOutput_hollow2_only_earlystop/fusion_gating_online_v2_multiseed/fusion_gating_online_v2_seed123/best_model.pth",
  "checkpoint_epoch": 7,
  "num_samples": 71,
  "loss": 1.4083232241617123,
  "mass": 1.0,
  "stiffness": 1.0,
  "material": 1.0,
  "avg_gate_score": 0.7581566177623372,
  "summary": {
    "average_accuracy": 1.0,
    "average_macro_f1": 1.0,
    "average_weighted_f1": 1.0
  },
  "gate_scores": [
    0.909907341003418,
    0.898697018623352,
    0.8822118043899536,
    0.8909586071968079,
    0.9173621535301208,
    0.8957810401916504,
    0.9092472791671753,
    0.938853919506073,
    0.7941310405731201,
    0.8186320066452026,
    0.774825930595398,
    0.7672895789146423,
    0.809665858745575,
    0.6666672229766846,
    0.5806419849395752,
    0.6032474040985107,
    0.6340736746788025,
    0.6393724679946899,
    0.6022145748138428,
    0.5670854449272156,
    0.5731602907180786,
    0.9022032022476196,
    0.8691757321357727,
    0.8626094460487366,
    0.8530150651931763,
    0.8504524827003479,
    0.7371447086334229,
    0.7142537832260132,
    0.672582745552063,
    0.7156091332435608,
    0.7470178008079529,
    0.6921334862709045,
    0.7509925961494446,
    0.7588334679603577,
    0.8003225326538086,
    0.7622985243797302,
    0.7639753222465515,
    0.7741981744766235,
    0.7370159029960632,
    0.7697556018829346,
    0.7596116065979004,
    0.7925310730934143,
    0.7374945282936096,
    0.7361382246017456,
    0.7726237773895264,
    0.7390064001083374,
    0.7558952569961548,
    0.7532958388328552,
    0.6979949474334717,
    0.7275499105453491,
    0.6519869565963745,
    0.6842297911643982,
    0.6392893195152283,
    0.6210918426513672,
    0.6801286339759827,
    0.674617350101471,
    0.713348925113678,
    0.6319056153297424,
    0.7431040406227112,
    0.8002041578292847,
    0.7832228541374207,
    0.763948917388916,
    0.7535557150840759,
    0.7398455142974854,
    0.7509244680404663,
    0.746734082698822,
    0.8474830985069275,
    0.8216421604156494,
    0.8334982395172119,
    0.8429625630378723,
    0.825637698173523
  ],
  "tasks": {
    "mass": {
      "accuracy": 1.0,
      "macro": {
        "precision": 1.0,
        "recall": 1.0,
        "f1": 1.0
      },
      "weighted": {
        "precision": 1.0,
        "recall": 1.0,
        "f1": 1.0
      },
      "per_class": {
        "low": {
          "precision": 1.0,
          "recall": 1.0,
          "f1": 1.0,
          "support": 34
        },
        "medium": {
          "precision": 1.0,
          "recall": 1.0,
          "f1": 1.0,
          "support": 24
        },
        "high": {
          "precision": 1.0,
          "recall": 1.0,
          "f1": 1.0,
          "support": 13
        }
      },
      "classification_report": "              precision    recall  f1-score   support\n\n         low     1.0000    1.0000    1.0000        34\n      medium     1.0000    1.0000    1.0000        24\n        high     1.0000    1.0000    1.0000        13\n\n    accuracy                         1.0000        71\n   macro avg     1.0000    1.0000    1.0000        71\nweighted avg     1.0000    1.0000    1.0000        71\n"
    },
    "stiffness": {
      "accuracy": 1.0,
      "macro": {
        "precision": 1.0,
        "recall": 1.0,
        "f1": 1.0
      },
      "weighted": {
        "precision": 1.0,
        "recall": 1.0,
        "f1": 1.0
      },
      "per_class": {
        "very_soft": {
          "precision": 1.0,
          "recall": 1.0,
          "f1": 1.0,
          "support": 8
        },
        "soft": {
          "precision": 1.0,
          "recall": 1.0,
          "f1": 1.0,
          "support": 13
        },
        "medium": {
          "precision": 1.0,
          "recall": 1.0,
          "f1": 1.0,
          "support": 13
        },
        "rigid": {
          "precision": 1.0,
          "recall": 1.0,
          "f1": 1.0,
          "support": 37
        }
      },
      "classification_report": "              precision    recall  f1-score   support\n\n   very_soft     1.0000    1.0000    1.0000         8\n        soft     1.0000    1.0000    1.0000        13\n      medium     1.0000    1.0000    1.0000        13\n       rigid     1.0000    1.0000    1.0000        37\n\n    accuracy                         1.0000        71\n   macro avg     1.0000    1.0000    1.0000        71\nweighted avg     1.0000    1.0000    1.0000        71\n"
    },
    "material": {
      "accuracy": 1.0,
      "macro": {
        "precision": 1.0,
        "recall": 1.0,
        "f1": 1.0
      },
      "weighted": {
        "precision": 1.0,
        "recall": 1.0,
        "f1": 1.0
      },
      "per_class": {
        "sponge": {
          "precision": 1.0,
          "recall": 1.0,
          "f1": 1.0,
          "support": 8
        },
        "foam": {
          "precision": 1.0,
          "recall": 1.0,
          "f1": 1.0,
          "support": 13
        },
        "wood": {
          "precision": 1.0,
          "recall": 1.0,
          "f1": 1.0,
          "support": 24
        },
        "hollow_container": {
          "precision": 1.0,
          "recall": 1.0,
          "f1": 1.0,
          "support": 8
        },
        "filled_container": {
          "precision": 1.0,
          "recall": 1.0,
          "f1": 1.0,
          "support": 18
        }
      },
      "classification_report": "                  precision    recall  f1-score   support\n\n          sponge     1.0000    1.0000    1.0000         8\n            foam     1.0000    1.0000    1.0000        13\n            wood     1.0000    1.0000    1.0000        24\nhollow_container     1.0000    1.0000    1.0000         8\nfilled_container     1.0000    1.0000    1.0000        18\n\n        accuracy                         1.0000        71\n       macro avg     1.0000    1.0000    1.0000        71\n    weighted avg     1.0000    1.0000    1.0000        71\n"
    }
  }
}