{
  "split": "test",
  "block_modality": "none",
  "checkpoint": "/home/martina/Y3_Project/visuotactile/newOutput/fusion_gating_online_v2_multiseed/fusion_gating_online_v2_seed456/best_model.pth",
  "checkpoint_epoch": 6,
  "num_samples": 68,
  "loss": 1.445469905348385,
  "mass": 1.0,
  "stiffness": 1.0,
  "material": 0.9852941176470589,
  "avg_gate_score": 0.9080353063695571,
  "summary": {
    "average_accuracy": 0.9950980392156863,
    "average_macro_f1": 0.9950617283950617,
    "average_weighted_f1": 0.9951343500363109
  },
  "gate_scores": [
    0.8979160189628601,
    0.8584117293357849,
    0.8911739587783813,
    0.8831565976142883,
    0.8909991979598999,
    0.8868283033370972,
    0.8907749652862549,
    0.897432804107666,
    0.8957221508026123,
    0.8967061638832092,
    0.9252210259437561,
    0.9042455554008484,
    0.9044768810272217,
    0.9130600094795227,
    0.9139200448989868,
    0.91362065076828,
    0.9138293266296387,
    0.9057024717330933,
    0.9038783311843872,
    0.8812286853790283,
    0.8939464092254639,
    0.9236775040626526,
    0.8959874510765076,
    0.8953325748443604,
    0.9059835076332092,
    0.8794794678688049,
    0.8920602202415466,
    0.8910099267959595,
    0.8959160447120667,
    0.893814206123352,
    0.8930879235267639,
    0.9300895929336548,
    0.9185778498649597,
    0.9214584231376648,
    0.91977858543396,
    0.9298176169395447,
    0.9169518947601318,
    0.921756386756897,
    0.9343184232711792,
    0.9258373975753784,
    0.9220247864723206,
    0.9449844360351562,
    0.928277313709259,
    0.9181275367736816,
    0.9154490828514099,
    0.9345230460166931,
    0.9259488582611084,
    0.9157634973526001,
    0.9109429121017456,
    0.9248911142349243,
    0.9075634479522705,
    0.9162073135375977,
    0.9003416299819946,
    0.9065388441085815,
    0.9291018843650818,
    0.8988720178604126,
    0.913611114025116,
    0.8987221717834473,
    0.8979195952415466,
    0.8945237994194031,
    0.8880746960639954,
    0.9007389545440674,
    0.9109172821044922,
    0.9312349557876587,
    0.9238569140434265,
    0.9122597575187683,
    0.9194567799568176,
    0.9083408117294312
  ],
  "tasks": {
    "mass": {
      "accuracy": 1.0,
      "macro": {
        "precision": 1.0,
        "recall": 1.0,
        "f1": 1.0
      },
      "weighted": {
        "precision": 1.0,
        "recall": 1.0,
        "f1": 1.0
      },
      "per_class": {
        "low": {
          "precision": 1.0,
          "recall": 1.0,
          "f1": 1.0,
          "support": 31
        },
        "medium": {
          "precision": 1.0,
          "recall": 1.0,
          "f1": 1.0,
          "support": 24
        },
        "high": {
          "precision": 1.0,
          "recall": 1.0,
          "f1": 1.0,
          "support": 13
        }
      },
      "classification_report": "              precision    recall  f1-score   support\n\n         low     1.0000    1.0000    1.0000        31\n      medium     1.0000    1.0000    1.0000        24\n        high     1.0000    1.0000    1.0000        13\n\n    accuracy                         1.0000        68\n   macro avg     1.0000    1.0000    1.0000        68\nweighted avg     1.0000    1.0000    1.0000        68\n"
    },
    "stiffness": {
      "accuracy": 1.0,
      "macro": {
        "precision": 1.0,
        "recall": 1.0,
        "f1": 1.0
      },
      "weighted": {
        "precision": 1.0,
        "recall": 1.0,
        "f1": 1.0
      },
      "per_class": {
        "soft": {
          "precision": 1.0,
          "recall": 1.0,
          "f1": 1.0,
          "support": 8
        },
        "medium": {
          "precision": 1.0,
          "recall": 1.0,
          "f1": 1.0,
          "support": 36
        },
        "rigid": {
          "precision": 1.0,
          "recall": 1.0,
          "f1": 1.0,
          "support": 24
        }
      },
      "classification_report": "              precision    recall  f1-score   support\n\n        soft     1.0000    1.0000    1.0000         8\n      medium     1.0000    1.0000    1.0000        36\n       rigid     1.0000    1.0000    1.0000        24\n\n    accuracy                         1.0000        68\n   macro avg     1.0000    1.0000    1.0000        68\nweighted avg     1.0000    1.0000    1.0000        68\n"
    },
    "material": {
      "accuracy": 0.9852941176470589,
      "macro": {
        "precision": 0.9821428571428572,
        "recall": 0.9891304347826086,
        "f1": 0.9851851851851852
      },
      "weighted": {
        "precision": 0.986344537815126,
        "recall": 0.9852941176470589,
        "f1": 0.9854030501089326
      },
      "per_class": {
        "sponge": {
          "precision": 1.0,
          "recall": 1.0,
          "f1": 1.0,
          "support": 8
        },
        "foam": {
          "precision": 0.9285714285714286,
          "recall": 1.0,
          "f1": 0.9629629629629629,
          "support": 13
        },
        "wood": {
          "precision": 1.0,
          "recall": 1.0,
          "f1": 1.0,
          "support": 24
        },
        "container": {
          "precision": 1.0,
          "recall": 0.9565217391304348,
          "f1": 0.9777777777777777,
          "support": 23
        }
      },
      "classification_report": "              precision    recall  f1-score   support\n\n      sponge     1.0000    1.0000    1.0000         8\n        foam     0.9286    1.0000    0.9630        13\n        wood     1.0000    1.0000    1.0000        24\n   container     1.0000    0.9565    0.9778        23\n\n    accuracy                         0.9853        68\n   macro avg     0.9821    0.9891    0.9852        68\nweighted avg     0.9863    0.9853    0.9854        68\n"
    }
  }
}