{
  "split": "ood_test",
  "block_modality": "none",
  "checkpoint": "/home/martina/Y3_Project/visuotactile/newOutput/fusion/standard/fusion_standard_seed42/best_model.pth",
  "checkpoint_epoch": 5,
  "num_samples": 150,
  "loss": 1.36770658493042,
  "mass": 0.8933333333333333,
  "stiffness": 0.8866666666666667,
  "material": 0.6866666666666666,
  "summary": {
    "average_accuracy": 0.8222222222222223,
    "average_macro_f1": 0.8279108428333716,
    "average_weighted_f1": 0.82823943670754
  },
  "tasks": {
    "mass": {
      "accuracy": 0.8933333333333333,
      "macro": {
        "precision": 0.8840579710144928,
        "recall": 0.9407407407407407,
        "f1": 0.8973042362002568
      },
      "weighted": {
        "precision": 0.9304347826086956,
        "recall": 0.8933333333333333,
        "f1": 0.8993581514762518
      },
      "per_class": {
        "low": {
          "precision": 1.0,
          "recall": 0.8222222222222222,
          "f1": 0.9024390243902439,
          "support": 90
        },
        "medium": {
          "precision": 0.6521739130434783,
          "recall": 1.0,
          "f1": 0.7894736842105263,
          "support": 30
        },
        "high": {
          "precision": 1.0,
          "recall": 1.0,
          "f1": 1.0,
          "support": 30
        }
      },
      "classification_report": "              precision    recall  f1-score   support\n\n         low     1.0000    0.8222    0.9024        90\n      medium     0.6522    1.0000    0.7895        30\n        high     1.0000    1.0000    1.0000        30\n\n    accuracy                         0.8933       150\n   macro avg     0.8841    0.9407    0.8973       150\nweighted avg     0.9304    0.8933    0.8994       150\n"
    },
    "stiffness": {
      "accuracy": 0.8866666666666667,
      "macro": {
        "precision": 0.8794326241134751,
        "recall": 0.937037037037037,
        "f1": 0.8916421002310573
      },
      "weighted": {
        "precision": 0.9276595744680852,
        "recall": 0.8866666666666667,
        "f1": 0.8932674687275914
      },
      "per_class": {
        "soft": {
          "precision": 1.0,
          "recall": 1.0,
          "f1": 1.0,
          "support": 30
        },
        "medium": {
          "precision": 1.0,
          "recall": 0.8111111111111111,
          "f1": 0.8957055214723927,
          "support": 90
        },
        "rigid": {
          "precision": 0.6382978723404256,
          "recall": 1.0,
          "f1": 0.7792207792207793,
          "support": 30
        }
      },
      "classification_report": "              precision    recall  f1-score   support\n\n        soft     1.0000    1.0000    1.0000        30\n      medium     1.0000    0.8111    0.8957        90\n       rigid     0.6383    1.0000    0.7792        30\n\n    accuracy                         0.8867       150\n   macro avg     0.8794    0.9370    0.8916       150\nweighted avg     0.9277    0.8867    0.8933       150\n"
    },
    "material": {
      "accuracy": 0.6866666666666666,
      "macro": {
        "precision": 0.7269230769230769,
        "recall": 0.7291666666666666,
        "f1": 0.6947861920688008
      },
      "weighted": {
        "precision": 0.7815384615384615,
        "recall": 0.6866666666666666,
        "f1": 0.6920926899187769
      },
      "per_class": {
        "sponge": {
          "precision": 1.0,
          "recall": 1.0,
          "f1": 1.0,
          "support": 30
        },
        "foam": {
          "precision": 0.3076923076923077,
          "recall": 0.4,
          "f1": 0.34782608695652173,
          "support": 30
        },
        "wood": {
          "precision": 0.6,
          "recall": 1.0,
          "f1": 0.75,
          "support": 30
        },
        "container": {
          "precision": 1.0,
          "recall": 0.5166666666666667,
          "f1": 0.6813186813186813,
          "support": 60
        }
      },
      "classification_report": "              precision    recall  f1-score   support\n\n      sponge     1.0000    1.0000    1.0000        30\n        foam     0.3077    0.4000    0.3478        30\n        wood     0.6000    1.0000    0.7500        30\n   container     1.0000    0.5167    0.6813        60\n\n    accuracy                         0.6867       150\n   macro avg     0.7269    0.7292    0.6948       150\nweighted avg     0.7815    0.6867    0.6921       150\n"
    }
  }
}