{
  "split": "ood_test",
  "block_modality": "none",
  "checkpoint": "/home/martina/Y3_Project/visuotactile/newOutput_hollow2_only_earlystop/fusion_gating_online_v2_multiseed/fusion_gating_online_v2_seed123/best_model.pth",
  "checkpoint_epoch": 7,
  "num_samples": 150,
  "loss": 2.0673948033650715,
  "mass": 1.0,
  "stiffness": 0.84,
  "material": 0.8266666666666667,
  "avg_gate_score": 0.769881823460261,
  "summary": {
    "average_accuracy": 0.8888888888888888,
    "average_macro_f1": 0.8665540223415711,
    "average_weighted_f1": 0.879902186968935
  },
  "gate_scores": [
    0.7251601219177246,
    0.6555315256118774,
    0.6756183505058289,
    0.7150145173072815,
    0.7017382979393005,
    0.632418155670166,
    0.7012108564376831,
    0.6824840903282166,
    0.6696462631225586,
    0.6525523662567139,
    0.6964768171310425,
    0.702659547328949,
    0.6925686001777649,
    0.6849104762077332,
    0.6517021059989929,
    0.6820968389511108,
    0.697414755821228,
    0.67867511510849,
    0.667992115020752,
    0.686458170413971,
    0.6549252271652222,
    0.6753415465354919,
    0.6138850450515747,
    0.6904517412185669,
    0.6627584099769592,
    0.7183058857917786,
    0.7158390879631042,
    0.6698561906814575,
    0.7310680747032166,
    0.6052421927452087,
    0.8683743476867676,
    0.8626382946968079,
    0.8459938764572144,
    0.8671807646751404,
    0.8755860924720764,
    0.8622198104858398,
    0.8565348982810974,
    0.8681540489196777,
    0.8846585154533386,
    0.8831710815429688,
    0.8860843181610107,
    0.8511887192726135,
    0.8659380078315735,
    0.8793400526046753,
    0.8601601123809814,
    0.8705258965492249,
    0.8844801783561707,
    0.8572315573692322,
    0.8552169799804688,
    0.8576914072036743,
    0.8535769581794739,
    0.8656539916992188,
    0.8546589016914368,
    0.8848861455917358,
    0.8600773811340332,
    0.9046722650527954,
    0.8656951785087585,
    0.8685367703437805,
    0.8764048218727112,
    0.8451004028320312,
    0.7069982886314392,
    0.6552526950836182,
    0.7217817902565002,
    0.7407053709030151,
    0.6911588907241821,
    0.6526475548744202,
    0.7641140818595886,
    0.7060501575469971,
    0.71732497215271,
    0.7287819981575012,
    0.7254548668861389,
    0.7540910243988037,
    0.721579372882843,
    0.7014050483703613,
    0.6628377437591553,
    0.7288330793380737,
    0.701008677482605,
    0.7446324825286865,
    0.7094107866287231,
    0.7134888172149658,
    0.7316431999206543,
    0.7271296977996826,
    0.7597432136535645,
    0.7258886098861694,
    0.7075561881065369,
    0.7250464558601379,
    0.7191122174263,
    0.6911188960075378,
    0.6916560530662537,
    0.6398923993110657,
    0.7788090705871582,
    0.7975761890411377,
    0.825709879398346,
    0.8180540204048157,
    0.7971913814544678,
    0.7890107035636902,
    0.7839891910552979,
    0.8104252219200134,
    0.7685141563415527,
    0.816026508808136,
    0.7828291058540344,
    0.8012492060661316,
    0.7695983648300171,
    0.7931972742080688,
    0.8001148104667664,
    0.7911983728408813,
    0.7704797983169556,
    0.7848370671272278,
    0.79156094789505,
    0.7641664147377014,
    0.8198032975196838,
    0.8101704120635986,
    0.8028598427772522,
    0.8136255741119385,
    0.7864241600036621,
    0.8250961899757385,
    0.8043839931488037,
    0.8282648921012878,
    0.8109371662139893,
    0.8031967878341675,
    0.8044235706329346,
    0.8196137547492981,
    0.8126400709152222,
    0.7923370003700256,
    0.7782089114189148,
    0.7844622135162354,
    0.8164400458335876,
    0.8058608770370483,
    0.7881854176521301,
    0.7803621888160706,
    0.8123895525932312,
    0.78299480676651,
    0.7931861281394958,
    0.8079115748405457,
    0.794964075088501,
    0.77850341796875,
    0.7960247993469238,
    0.7847995162010193,
    0.755896806716919,
    0.7931936383247375,
    0.8221599459648132,
    0.774946391582489,
    0.788670539855957,
    0.7742586731910706,
    0.7566215991973877,
    0.8117323517799377,
    0.765791654586792,
    0.7864810228347778,
    0.7816867232322693,
    0.8202473521232605
  ],
  "tasks": {
    "mass": {
      "accuracy": 1.0,
      "macro": {
        "precision": 1.0,
        "recall": 1.0,
        "f1": 1.0
      },
      "weighted": {
        "precision": 1.0,
        "recall": 1.0,
        "f1": 1.0
      },
      "per_class": {
        "low": {
          "precision": 1.0,
          "recall": 1.0,
          "f1": 1.0,
          "support": 90
        },
        "medium": {
          "precision": 1.0,
          "recall": 1.0,
          "f1": 1.0,
          "support": 30
        },
        "high": {
          "precision": 1.0,
          "recall": 1.0,
          "f1": 1.0,
          "support": 30
        }
      },
      "classification_report": "              precision    recall  f1-score   support\n\n         low     1.0000    1.0000    1.0000        90\n      medium     1.0000    1.0000    1.0000        30\n        high     1.0000    1.0000    1.0000        30\n\n    accuracy                         1.0000       150\n   macro avg     1.0000    1.0000    1.0000       150\nweighted avg     1.0000    1.0000    1.0000       150\n"
    },
    "stiffness": {
      "accuracy": 0.84,
      "macro": {
        "precision": 0.8002232142857143,
        "recall": 0.8,
        "f1": 0.7997775305895439
      },
      "weighted": {
        "precision": 0.8401785714285714,
        "recall": 0.84,
        "f1": 0.8398220244716352
      },
      "per_class": {
        "very_soft": {
          "precision": 1.0,
          "recall": 1.0,
          "f1": 1.0,
          "support": 30
        },
        "soft": {
          "precision": 0.59375,
          "recall": 0.6333333333333333,
          "f1": 0.6129032258064516,
          "support": 30
        },
        "medium": {
          "precision": 0.6071428571428571,
          "recall": 0.5666666666666667,
          "f1": 0.5862068965517241,
          "support": 30
        },
        "rigid": {
          "precision": 1.0,
          "recall": 1.0,
          "f1": 1.0,
          "support": 60
        }
      },
      "classification_report": "              precision    recall  f1-score   support\n\n   very_soft     1.0000    1.0000    1.0000        30\n        soft     0.5938    0.6333    0.6129        30\n      medium     0.6071    0.5667    0.5862        30\n       rigid     1.0000    1.0000    1.0000        60\n\n    accuracy                         0.8400       150\n   macro avg     0.8002    0.8000    0.7998       150\nweighted avg     0.8402    0.8400    0.8398       150\n"
    },
    "material": {
      "accuracy": 0.8266666666666667,
      "macro": {
        "precision": 0.8866746698679471,
        "recall": 0.8266666666666665,
        "f1": 0.7998845364351694
      },
      "weighted": {
        "precision": 0.8866746698679471,
        "recall": 0.8266666666666667,
        "f1": 0.7998845364351694
      },
      "per_class": {
        "sponge": {
          "precision": 1.0,
          "recall": 1.0,
          "f1": 1.0,
          "support": 30
        },
        "foam": {
          "precision": 0.5510204081632653,
          "recall": 0.9,
          "f1": 0.6835443037974683,
          "support": 30
        },
        "wood": {
          "precision": 0.8823529411764706,
          "recall": 1.0,
          "f1": 0.9375,
          "support": 30
        },
        "hollow_container": {
          "precision": 1.0,
          "recall": 0.23333333333333334,
          "f1": 0.3783783783783784,
          "support": 30
        },
        "filled_container": {
          "precision": 1.0,
          "recall": 1.0,
          "f1": 1.0,
          "support": 30
        }
      },