{
  "split": "test",
  "block_modality": "none",
  "checkpoint": "/home/martina/Y3_Project/visuotactile/newOutput/fusion_gating_online_v2_multiseed/fusion_gating_online_v2_seed42/best_model.pth",
  "checkpoint_epoch": 5,
  "num_samples": 68,
  "loss": 1.8598470828112434,
  "mass": 1.0,
  "stiffness": 1.0,
  "material": 0.9558823529411765,
  "avg_gate_score": 0.8821971942396725,
  "summary": {
    "average_accuracy": 0.9852941176470589,
    "average_macro_f1": 0.9855653568564554,
    "average_weighted_f1": 0.985541770838247
  },
  "gate_scores": [
    0.891353189945221,
    0.861862063407898,
    0.8911147117614746,
    0.8717384338378906,
    0.8737766742706299,
    0.9108385443687439,
    0.9213205575942993,
    0.9111295938491821,
    0.9084066152572632,
    0.9180668592453003,
    0.9178779721260071,
    0.9044647216796875,
    0.8980094790458679,
    0.928471565246582,
    0.91523677110672,
    0.9030666947364807,
    0.9114038944244385,
    0.9126181602478027,
    0.917523980140686,
    0.8830382227897644,
    0.886049211025238,
    0.893908679485321,
    0.8766598105430603,
    0.8599777221679688,
    0.8436009287834167,
    0.842417299747467,
    0.8640332818031311,
    0.8637050986289978,
    0.8635226488113403,
    0.8787651658058167,
    0.8613292574882507,
    0.906923234462738,
    0.8932158350944519,
    0.8892804980278015,
    0.9021821022033691,
    0.8752919435501099,
    0.8672926425933838,
    0.8841302990913391,
    0.9083927273750305,
    0.8872557878494263,
    0.868323564529419,
    0.9017202854156494,
    0.8873001337051392,
    0.8953816890716553,
    0.8885616064071655,
    0.8841451406478882,
    0.8887960314750671,
    0.8799639344215393,
    0.8789265751838684,
    0.8788650631904602,
    0.8682108521461487,
    0.8865838050842285,
    0.8621522784233093,
    0.8787046074867249,
    0.8852088451385498,
    0.8494065403938293,
    0.8687582612037659,
    0.8456842303276062,
    0.8589898347854614,
    0.8618589043617249,
    0.8488771319389343,
    0.8584551215171814,
    0.8529644012451172,
    0.8664149641990662,
    0.8697624802589417,
    0.8611347675323486,
    0.8636960983276367,
    0.8513091802597046
  ],
  "tasks": {
    "mass": {
      "accuracy": 1.0,
      "macro": {
        "precision": 1.0,
        "recall": 1.0,
        "f1": 1.0
      },
      "weighted": {
        "precision": 1.0,
        "recall": 1.0,
        "f1": 1.0
      },
      "per_class": {
        "low": {
          "precision": 1.0,
          "recall": 1.0,
          "f1": 1.0,
          "support": 31
        },
        "medium": {
          "precision": 1.0,
          "recall": 1.0,
          "f1": 1.0,
          "support": 24
        },
        "high": {
          "precision": 1.0,
          "recall": 1.0,
          "f1": 1.0,
          "support": 13
        }
      },
      "classification_report": "              precision    recall  f1-score   support\n\n         low     1.0000    1.0000    1.0000        31\n      medium     1.0000    1.0000    1.0000        24\n        high     1.0000    1.0000    1.0000        13\n\n    accuracy                         1.0000        68\n   macro avg     1.0000    1.0000    1.0000        68\nweighted avg     1.0000    1.0000    1.0000        68\n"
    },
    "stiffness": {
      "accuracy": 1.0,
      "macro": {
        "precision": 1.0,
        "recall": 1.0,
        "f1": 1.0
      },
      "weighted": {
        "precision": 1.0,
        "recall": 1.0,
        "f1": 1.0
      },
      "per_class": {
        "soft": {
          "precision": 1.0,
          "recall": 1.0,
          "f1": 1.0,
          "support": 8
        },
        "medium": {
          "precision": 1.0,
          "recall": 1.0,
          "f1": 1.0,
          "support": 36
        },
        "rigid": {
          "precision": 1.0,
          "recall": 1.0,
          "f1": 1.0,
          "support": 24
        }
      },
      "classification_report": "              precision    recall  f1-score   support\n\n        soft     1.0000    1.0000    1.0000         8\n      medium     1.0000    1.0000    1.0000        36\n       rigid     1.0000    1.0000    1.0000        24\n\n    accuracy                         1.0000        68\n   macro avg     1.0000    1.0000    1.0000        68\nweighted avg     1.0000    1.0000    1.0000        68\n"
    },
    "material": {
      "accuracy": 0.9558823529411765,
      "macro": {
        "precision": 0.953125,
        "recall": 0.967391304347826,
        "f1": 0.9566960705693665
      },
      "weighted": {
        "precision": 0.9641544117647058,
        "recall": 0.9558823529411765,
        "f1": 0.9566253125147413
      },
      "per_class": {
        "sponge": {
          "precision": 1.0,
          "recall": 1.0,
          "f1": 1.0,
          "support": 8
        },
        "foam": {
          "precision": 0.8125,
          "recall": 1.0,
          "f1": 0.896551724137931,
          "support": 13
        },
        "wood": {
          "precision": 1.0,
          "recall": 1.0,
          "f1": 1.0,
          "support": 24
        },
        "container": {
          "precision": 1.0,
          "recall": 0.8695652173913043,
          "f1": 0.9302325581395349,
          "support": 23
        }
      },
      "classification_report": "              precision    recall  f1-score   support\n\n      sponge     1.0000    1.0000    1.0000         8\n        foam     0.8125    1.0000    0.8966        13\n        wood     1.0000    1.0000    1.0000        24\n   container     1.0000    0.8696    0.9302        23\n\n    accuracy                         0.9559        68\n   macro avg     0.9531    0.9674    0.9567        68\nweighted avg     0.9642    0.9559    0.9566        68\n"
    }
  }
}