{
  "split": "ood_test",
  "block_modality": "none",
  "checkpoint": "/home/martina/Y3_Project/visuotactile/newOutput/fusion/standard/fusion_standard_seed456/best_model.pth",
  "checkpoint_epoch": 6,
  "num_samples": 150,
  "loss": 1.102854995727539,
  "mass": 0.94,
  "stiffness": 0.88,
  "material": 0.6733333333333333,
  "summary": {
    "average_accuracy": 0.831111111111111,
    "average_macro_f1": 0.8355265874335287,
    "average_weighted_f1": 0.8360321713487235
  },
  "tasks": {
    "mass": {
      "accuracy": 0.94,
      "macro": {
        "precision": 0.923076923076923,
        "recall": 0.9666666666666667,
        "f1": 0.9389778794813118
      },
      "weighted": {
        "precision": 0.953846153846154,
        "recall": 0.94,
        "f1": 0.9423340961098396
      },
      "per_class": {
        "low": {
          "precision": 1.0,
          "recall": 0.9,
          "f1": 0.9473684210526315,
          "support": 90
        },
        "medium": {
          "precision": 0.7692307692307693,
          "recall": 1.0,
          "f1": 0.8695652173913043,
          "support": 30
        },
        "high": {
          "precision": 1.0,
          "recall": 1.0,
          "f1": 1.0,
          "support": 30
        }
      },
      "classification_report": "              precision    recall  f1-score   support\n\n         low     1.0000    0.9000    0.9474        90\n      medium     0.7692    1.0000    0.8696        30\n        high     1.0000    1.0000    1.0000        30\n\n    accuracy                         0.9400       150\n   macro avg     0.9231    0.9667    0.9390       150\nweighted avg     0.9538    0.9400    0.9423       150\n"
    },
    "stiffness": {
      "accuracy": 0.88,
      "macro": {
        "precision": 0.875,
        "recall": 0.9333333333333332,
        "f1": 0.886039886039886
      },
      "weighted": {
        "precision": 0.925,
        "recall": 0.88,
        "f1": 0.8871794871794871
      },
      "per_class": {
        "soft": {
          "precision": 1.0,
          "recall": 1.0,
          "f1": 1.0,
          "support": 30
        },
        "medium": {
          "precision": 1.0,
          "recall": 0.8,
          "f1": 0.8888888888888888,
          "support": 90
        },
        "rigid": {
          "precision": 0.625,
          "recall": 1.0,
          "f1": 0.7692307692307693,
          "support": 30
        }
      },
      "classification_report": "              precision    recall  f1-score   support\n\n        soft     1.0000    1.0000    1.0000        30\n      medium     1.0000    0.8000    0.8889        90\n       rigid     0.6250    1.0000    0.7692        30\n\n    accuracy                         0.8800       150\n   macro avg     0.8750    0.9333    0.8860       150\nweighted avg     0.9250    0.8800    0.8872       150\n"
    },
    "material": {
      "accuracy": 0.6733333333333333,
      "macro": {
        "precision": 0.7175716440422323,
        "recall": 0.7166666666666667,
        "f1": 0.6815619967793881
      },
      "weighted": {
        "precision": 0.7740573152337858,
        "recall": 0.6733333333333333,
        "f1": 0.6785829307568438
      },
      "per_class": {
        "sponge": {
          "precision": 1.0,
          "recall": 1.0,
          "f1": 1.0,
          "support": 30
        },
        "foam": {
          "precision": 0.28205128205128205,
          "recall": 0.36666666666666664,
          "f1": 0.3188405797101449,
          "support": 30
        },
        "wood": {
          "precision": 0.5882352941176471,
          "recall": 1.0,
          "f1": 0.7407407407407407,
          "support": 30
        },
        "container": {
          "precision": 1.0,
          "recall": 0.5,
          "f1": 0.6666666666666666,
          "support": 60
        }
      },
      "classification_report": "              precision    recall  f1-score   support\n\n      sponge     1.0000    1.0000    1.0000        30\n        foam     0.2821    0.3667    0.3188        30\n        wood     0.5882    1.0000    0.7407        30\n   container     1.0000    0.5000    0.6667        60\n\n    accuracy                         0.6733       150\n   macro avg     0.7176    0.7167    0.6816       150\nweighted avg     0.7741    0.6733    0.6786       150\n"
    }
  }
}