{
  "model_dir_by_tag": {
    "seed42": "/home/martina/Y3_Project/visuotactile/outputs/fusion_model_clean"
  },
  "results": {
    "seed42": {
      "test": {
        "full": {
          "num_records": 1,
          "loss": {
            "mean": 0.050706440035034626,
            "std": 0.0,
            "values": [
              0.050706440035034626
            ]
          },
          "mass": {
            "mean": 1.0,
            "std": 0.0,
            "values": [
              1.0
            ]
          },
          "stiffness": {
            "mean": 1.0,
            "std": 0.0,
            "values": [
              1.0
            ]
          },
          "material": {
            "mean": 1.0,
            "std": 0.0,
            "values": [
              1.0
            ]
          },
          "avg_acc": {
            "mean": 1.0,
            "std": 0.0,
            "values": [
              1.0
            ]
          }
        },
        "tactile_only": {
          "num_records": 1,
          "loss": {
            "mean": 2.37538502146216,
            "std": 0.0,
            "values": [
              2.37538502146216
            ]
          },
          "mass": {
            "mean": 0.8529411764705882,
            "std": 0.0,
            "values": [
              0.8529411764705882
            ]
          },
          "stiffness": {
            "mean": 0.8529411764705882,
            "std": 0.0,
            "values": [
              0.8529411764705882
            ]
          },
          "material": {
            "mean": 0.8529411764705882,
            "std": 0.0,
            "values": [
              0.8529411764705882
            ]
          },
          "avg_acc": {
            "mean": 0.8529411764705882,
            "std": 0.0,
            "values": [
              0.8529411764705882
            ]
          }
        },
        "vision_only": {
          "num_records": 1,
          "loss": {
            "mean": 3.5176526448305916,
            "std": 0.0,
            "values": [
              3.5176526448305916
            ]
          },
          "mass": {
            "mean": 0.5588235294117647,
            "std": 0.0,
            "values": [
              0.5588235294117647
            ]
          },
          "stiffness": {
            "mean": 0.6470588235294118,
            "std": 0.0,
            "values": [
              0.6470588235294118
            ]
          },
          "material": {
            "mean": 0.6176470588235294,
            "std": 0.0,
            "values": [
              0.6176470588235294
            ]
          },
          "avg_acc": {
            "mean": 0.607843137254902,
            "std": 0.0,
            "values": [
              0.607843137254902
            ]
          }
        }
      },
      "ood_test": {
        "full": {
          "num_records": 1,
          "loss": {
            "mean": 0.25195339421431223,
            "std": 0.0,
            "values": [
              0.25195339421431223
            ]
          },
          "mass": {
            "mean": 0.975,
            "std": 0.0,
            "values": [
              0.975
            ]
          },
          "stiffness": {
            "mean": 0.9666666666666667,
            "std": 0.0,
            "values": [
              0.9666666666666667
            ]
          },
          "material": {
            "mean": 0.9666666666666667,
            "std": 0.0,
            "values": [
              0.9666666666666667
            ]
          },
          "avg_acc": {
            "mean": 0.9694444444444444,
            "std": 0.0,
            "values": [
              0.9694444444444444
            ]
          }
        },
        "tactile_only": {
          "num_records": 1,
          "loss": {
            "mean": 0.037492182850837705,
            "std": 0.0,
            "values": [
              0.037492182850837705
            ]
          },
          "mass": {
            "mean": 1.0,
            "std": 0.0,
            "values": [
              1.0
            ]
          },
          "stiffness": {
            "mean": 1.0,
            "std": 0.0,
            "values": [
              1.0
            ]
          },
          "material": {
            "mean": 1.0,
            "std": 0.0,
            "values": [
              1.0
            ]
          },
          "avg_acc": {
            "mean": 1.0,
            "std": 0.0,
            "values": [
              1.0
            ]
          }
        },
        "vision_only": {
          "num_records": 1,
          "loss": {
            "mean": 8.890664005279541,
            "std": 0.0,
            "values": [
              8.890664005279541
            ]
          },
          "mass": {
            "mean": 0.24166666666666667,
            "std": 0.0,
            "values": [
              0.24166666666666667
            ]
          },
          "stiffness": {
            "mean": 0.49166666666666664,
            "std": 0.0,
            "values": [
              0.49166666666666664
            ]
          },
          "material": {
            "mean": 0.21666666666666667,
            "std": 0.0,
            "values": [
              0.21666666666666667
            ]
          },
          "avg_acc": {
            "mean": 0.31666666666666665,
            "std": 0.0,
            "values": [
              0.31666666666666665
            ]
          }
        }
      }
    }
  }
}